ds,frequency
2021-03-10 05:00:00,240
2021-03-09 00:00:00,236
2021-03-10 00:30:00,234
2021-03-10 02:00:00,230
2021-03-10 00:00:00,228
2021-03-10 01:00:00,227
2021-03-08 23:50:00,225
2021-03-08 23:44:00,224
2021-03-10 01:15:00,221
2021-03-08 23:30:00,220
2021-03-10 00:02:00,217
2021-03-08 23:43:00,216
2021-03-09 00:10:00,214
2021-03-10 03:00:00,212
2021-03-08 23:51:00,212
2021-03-10 00:20:00,211
2021-03-09 00:18:00,211
2021-03-08 23:40:00,211
2021-03-08 23:54:00,211
2021-03-09 00:14:00,210
2021-03-09 21:00:00,210
2021-03-10 00:01:00,209
2021-03-08 23:53:00,209
2021-03-09 02:00:00,209
2021-03-09 00:16:00,209
2021-03-08 23:31:00,208
2021-03-09 22:00:00,208
2021-03-09 23:45:00,207
2021-03-09 01:00:00,206
2021-03-09 23:01:00,206
2021-03-09 00:01:00,206
2021-03-08 23:48:00,206
2021-03-08 23:57:00,206
2021-03-08 23:59:00,206
2021-03-08 23:45:00,206
2021-03-08 23:42:00,205
2021-03-09 23:30:00,205
2021-03-09 00:02:00,205
2021-03-09 22:30:00,205
2021-03-10 00:36:00,204
2021-03-09 00:04:00,204
2021-03-10 00:28:00,204
2021-03-09 00:30:00,204
2021-03-09 21:30:00,202
2021-03-09 22:28:00,201
2021-03-08 23:56:00,200
2021-03-10 00:27:00,200
2021-03-09 23:37:00,200
2021-03-09 23:29:00,200
2021-03-10 01:32:00,198
2021-03-08 23:46:00,198
2021-03-10 04:00:00,198
2021-03-10 01:05:00,198
2021-03-09 23:00:00,197
2021-03-09 00:20:00,197
2021-03-10 01:30:00,196
2021-03-10 00:15:00,196
2021-03-10 00:32:00,195
2021-03-08 23:26:00,195
2021-03-08 23:33:00,194
2021-03-10 02:01:00,194
2021-03-10 00:39:00,194
2021-03-08 23:25:00,191
2021-03-09 22:15:00,191
2021-03-10 04:33:00,190
2021-03-09 23:43:00,190
2021-03-10 00:45:00,189
2021-03-09 23:22:00,189
2021-03-10 01:22:00,189
2021-03-10 00:31:00,189
2021-03-09 00:03:00,189
2021-03-10 00:42:00,189
2021-03-09 01:30:00,188
2021-03-09 23:41:00,188
2021-03-08 23:20:00,188
2021-03-08 23:41:00,187
2021-03-09 00:28:00,187
2021-03-10 01:01:00,187
2021-03-10 03:30:00,187
2021-03-09 23:34:00,187
2021-03-08 23:49:00,186
2021-03-10 00:29:00,186
2021-03-10 00:33:00,186
2021-03-10 00:08:00,186
2021-03-08 23:16:00,186
2021-03-09 03:00:00,186
2021-03-09 22:45:00,186
2021-03-08 23:55:00,186
2021-03-10 00:51:00,185
2021-03-09 21:15:00,185
2021-03-08 23:22:00,185
2021-03-08 23:34:00,185
2021-03-10 03:01:00,185
2021-03-09 23:13:00,185
2021-03-09 00:06:00,185
2021-03-09 23:08:00,185
2021-03-09 23:05:00,185
2021-03-09 00:09:00,185
2021-03-08 23:58:00,184
2021-03-08 23:37:00,184
2021-03-09 00:13:00,184
2021-03-09 00:22:00,184
2021-03-10 06:00:00,184
2021-03-09 23:19:00,184
2021-03-10 01:19:00,184
2021-03-09 23:18:00,183
2021-03-09 00:12:00,183
2021-03-09 23:31:00,183
2021-03-09 22:36:00,183
2021-03-08 23:38:00,183
2021-03-09 00:58:00,182
2021-03-08 23:28:00,182
2021-03-10 00:41:00,182
2021-03-10 01:10:00,182
2021-03-09 00:11:00,182
2021-03-10 01:21:00,182
2021-03-10 02:16:00,181
2021-03-09 00:26:00,181
2021-03-09 23:20:00,181
2021-03-09 02:30:00,181
2021-03-10 01:37:00,180
2021-03-09 22:24:00,180
2021-03-10 00:38:00,180
2021-03-10 01:34:00,179
2021-03-09 23:15:00,179
2021-03-08 23:47:00,179
2021-03-09 00:19:00,179
2021-03-10 01:40:00,179
2021-03-09 23:26:00,179
2021-03-10 01:26:00,178
2021-03-10 01:02:00,178
2021-03-10 04:30:00,178
2021-03-09 00:15:00,178
2021-03-09 22:16:00,177
2021-03-10 01:28:00,177
2021-03-10 01:12:00,177
2021-03-10 02:15:00,177
2021-03-08 23:32:00,177
2021-03-10 01:18:00,177
2021-03-10 00:04:00,177
2021-03-09 23:48:00,177
2021-03-09 00:07:00,176
2021-03-09 22:10:00,176
2021-03-10 01:20:00,176
2021-03-10 00:23:00,176
2021-03-09 00:45:00,176
2021-03-08 23:39:00,176
2021-03-08 23:52:00,176
2021-03-10 00:18:00,175
2021-03-09 23:02:00,175
2021-03-10 02:30:00,175
2021-03-09 23:21:00,175
2021-03-10 01:31:00,175
2021-03-10 04:10:00,175
2021-03-10 05:30:00,175
2021-03-10 00:54:00,175
2021-03-09 22:02:00,175
2021-03-09 23:17:00,174
2021-03-09 22:17:00,174
2021-03-10 04:01:00,174
2021-03-09 23:33:00,174
2021-03-08 23:36:00,174
2021-03-10 00:03:00,174
2021-03-08 23:17:00,173
2021-03-09 22:42:00,173
2021-03-10 00:57:00,173
2021-03-09 22:01:00,173
2021-03-10 01:13:00,173
2021-03-09 23:42:00,173
2021-03-09 00:17:00,173
2021-03-09 04:00:00,173
2021-03-10 00:22:00,173
2021-03-09 23:56:00,173
2021-03-09 23:09:00,173
2021-03-09 22:12:00,172
2021-03-10 01:35:00,172
2021-03-09 00:05:00,172
2021-03-10 00:12:00,172
2021-03-09 02:02:00,172
2021-03-10 00:10:00,172
2021-03-09 21:04:00,172
2021-03-09 04:30:00,172
2021-03-08 23:29:00,172
2021-03-10 00:26:00,172
2021-03-09 23:16:00,171
2021-03-09 23:35:00,171
2021-03-10 00:24:00,171
2021-03-10 04:25:00,171
2021-03-09 23:55:00,171
2021-03-09 00:40:00,171
2021-03-09 21:52:00,170
2021-03-10 00:05:00,170
2021-03-10 01:45:00,170
2021-03-08 23:14:00,170
2021-03-10 00:17:00,170
2021-03-10 01:16:00,170
2021-03-10 02:06:00,170
2021-03-09 23:25:00,170
2021-03-09 23:36:00,170
2021-03-09 00:39:00,169
2021-03-08 23:27:00,169
2021-03-10 03:55:00,169
2021-03-09 21:55:00,169
2021-03-10 00:52:00,169
2021-03-09 01:01:00,169
2021-03-09 23:10:00,169
2021-03-09 00:35:00,169
2021-03-09 01:10:00,168
2021-03-09 21:50:00,168
2021-03-09 01:08:00,168
2021-03-10 02:10:00,168
2021-03-10 01:08:00,168
2021-03-09 21:45:00,168
2021-03-10 01:03:00,168
2021-03-09 21:42:00,167
2021-03-09 00:33:00,167
2021-03-09 23:46:00,167
2021-03-09 00:24:00,167
2021-03-08 23:24:00,167
2021-03-09 20:00:00,167
2021-03-09 00:27:00,167
2021-03-09 00:25:00,167
2021-03-10 01:24:00,167
2021-03-09 23:51:00,166
2021-03-09 22:05:00,166
2021-03-10 03:22:00,166
2021-03-10 00:25:00,166
2021-03-10 05:23:00,166
2021-03-10 04:28:00,166
2021-03-10 00:40:00,166
2021-03-10 05:01:00,166
2021-03-10 01:25:00,165
2021-03-10 01:14:00,165
2021-03-09 00:41:00,165
2021-03-09 22:32:00,165
2021-03-09 22:35:00,165
2021-03-10 01:07:00,165
2021-03-09 23:40:00,165
2021-03-09 01:27:00,165
2021-03-09 00:29:00,165
2021-03-10 01:42:00,165
2021-03-10 01:06:00,164
2021-03-09 23:59:00,164
2021-03-09 00:34:00,164
2021-03-09 00:37:00,164
2021-03-09 20:30:00,164
2021-03-09 23:23:00,164
2021-03-10 00:06:00,164
2021-03-10 00:09:00,164
2021-03-09 01:02:00,164
2021-03-09 02:18:00,164
2021-03-09 22:56:00,164
2021-03-10 03:20:00,163
2021-03-09 01:21:00,163
2021-03-09 01:39:00,163
2021-03-09 22:20:00,163
2021-03-09 00:50:00,163
2021-03-09 03:07:00,162
2021-03-09 22:25:00,162
2021-03-10 01:23:00,162
2021-03-10 04:15:00,162
2021-03-10 01:36:00,162
2021-03-10 00:21:00,162
2021-03-09 00:32:00,162
2021-03-09 22:40:00,162
2021-03-10 03:02:00,162
2021-03-09 01:45:00,161
2021-03-09 21:43:00,161
2021-03-10 05:09:00,161
2021-03-09 05:00:00,161
2021-03-10 02:31:00,161
2021-03-10 00:07:00,161
2021-03-10 03:50:00,161
2021-03-10 02:35:00,161
2021-03-08 22:50:00,161
2021-03-10 01:04:00,161
2021-03-10 02:26:00,161
2021-03-09 02:25:00,161
2021-03-09 00:42:00,161
2021-03-09 22:41:00,161
2021-03-09 23:58:00,160
2021-03-09 02:15:00,160
2021-03-10 03:39:00,160
2021-03-10 00:47:00,160
2021-03-10 00:13:00,160
2021-03-10 02:18:00,160
2021-03-09 00:31:00,160
2021-03-10 01:47:00,160
2021-03-08 23:35:00,160
2021-03-09 23:11:00,160
2021-03-09 22:59:00,160
2021-03-08 23:18:00,160
2021-03-09 23:04:00,160
2021-03-08 23:23:00,159
2021-03-08 23:13:00,159
2021-03-10 00:44:00,159
2021-03-09 21:53:00,159
2021-03-09 23:32:00,159
2021-03-09 21:36:00,159
2021-03-09 04:01:00,159
2021-03-08 22:00:00,159
2021-03-09 23:14:00,159
2021-03-10 01:58:00,159
2021-03-09 21:34:00,159
2021-03-10 00:43:00,159
2021-03-09 02:07:00,159
2021-03-09 01:32:00,159
2021-03-10 06:01:00,159
2021-03-10 09:00:00,159
2021-03-10 00:53:00,159
2021-03-09 05:30:00,159
2021-03-08 23:15:00,159
2021-03-09 20:45:00,159
2021-03-10 01:46:00,158
2021-03-08 23:12:00,158
2021-03-10 02:12:00,158
2021-03-09 22:31:00,158
2021-03-09 00:43:00,158
2021-03-08 23:02:00,158
2021-03-09 23:06:00,158
2021-03-09 00:08:00,158
2021-03-10 00:58:00,158
2021-03-09 22:57:00,158
2021-03-09 22:39:00,158
2021-03-09 02:03:00,158
2021-03-09 03:36:00,158
2021-03-09 00:54:00,158
2021-03-10 00:56:00,157
2021-03-10 00:11:00,157
2021-03-08 23:03:00,157
2021-03-09 21:05:00,157
2021-03-09 03:50:00,157
2021-03-10 01:17:00,157
2021-03-10 02:17:00,157
2021-03-10 05:14:00,157
2021-03-09 21:57:00,157
2021-03-10 02:52:00,157
2021-03-09 00:44:00,157
2021-03-09 02:54:00,157
2021-03-08 23:09:00,157
2021-03-09 22:51:00,157
2021-03-10 02:34:00,157
2021-03-10 05:04:00,157
2021-03-09 22:46:00,157
2021-03-10 01:44:00,156
2021-03-10 02:14:00,156
2021-03-10 01:43:00,156
2021-03-09 22:49:00,156
2021-03-10 01:38:00,156
2021-03-09 23:57:00,156
2021-03-09 22:47:00,156
2021-03-10 01:33:00,156
2021-03-10 01:09:00,156
2021-03-09 22:54:00,156
2021-03-10 02:33:00,156
2021-03-08 23:21:00,156
2021-03-09 01:05:00,156
2021-03-10 02:08:00,155
2021-03-10 01:53:00,155
2021-03-09 21:54:00,155
2021-03-10 02:29:00,155
2021-03-10 01:27:00,155
2021-03-09 00:55:00,155
2021-03-10 04:19:00,155
2021-03-10 04:51:00,155
2021-03-09 21:44:00,155
2021-03-10 00:59:00,155
2021-03-10 01:55:00,155
2021-03-10 02:39:00,155
2021-03-10 00:35:00,155
2021-03-09 22:18:00,155
2021-03-08 23:00:00,155
2021-03-09 22:07:00,155
2021-03-09 01:36:00,155
2021-03-10 01:11:00,155
2021-03-09 01:09:00,154
2021-03-09 01:28:00,154
2021-03-10 02:11:00,154
2021-03-09 23:39:00,154
2021-03-09 23:53:00,154
2021-03-09 02:09:00,154
2021-03-09 22:21:00,154
2021-03-09 21:39:00,154
2021-03-09 02:38:00,154
2021-03-10 01:51:00,154
2021-03-09 01:26:00,154
2021-03-10 02:56:00,154
2021-03-09 03:02:00,154
2021-03-09 01:15:00,154
2021-03-09 23:54:00,154
2021-03-10 00:55:00,154
2021-03-09 21:33:00,154
2021-03-09 00:36:00,154
2021-03-10 00:16:00,154
2021-03-09 03:48:00,153
2021-03-10 04:40:00,153
2021-03-09 21:56:00,153
2021-03-10 01:50:00,153
2021-03-10 02:45:00,153
2021-03-09 22:34:00,153
2021-03-10 03:38:00,153
2021-03-10 04:08:00,153
2021-03-08 23:07:00,153
2021-03-09 00:56:00,153
2021-03-10 01:59:00,153
2021-03-09 02:16:00,153
2021-03-10 03:15:00,153
2021-03-09 01:31:00,153
2021-03-09 01:20:00,153
2021-03-10 02:55:00,152
2021-03-09 01:17:00,152
2021-03-10 02:13:00,152
2021-03-09 23:52:00,152
2021-03-09 02:12:00,152
2021-03-10 02:44:00,152
2021-03-09 00:21:00,152
2021-03-09 02:39:00,152
2021-03-09 21:17:00,152
2021-03-10 03:04:00,152
2021-03-09 22:55:00,152
2021-03-10 02:02:00,152
2021-03-09 23:12:00,152
2021-03-09 02:11:00,152
2021-03-10 01:54:00,152
2021-03-10 01:41:00,151
2021-03-10 02:32:00,151
2021-03-10 03:16:00,151
2021-03-10 00:48:00,151
2021-03-10 07:00:00,151
2021-03-09 02:01:00,151
2021-03-10 02:46:00,151
2021-03-09 22:50:00,151
2021-03-09 00:59:00,151
2021-03-09 21:26:00,151
2021-03-09 23:49:00,151
2021-03-09 23:27:00,151
2021-03-10 01:49:00,150
2021-03-09 02:10:00,150
2021-03-10 03:21:00,150
2021-03-10 02:19:00,150
2021-03-09 22:48:00,150
2021-03-10 02:04:00,150
2021-03-10 04:03:00,150
2021-03-09 03:47:00,150
2021-03-09 07:00:00,150
2021-03-10 02:57:00,150
2021-03-09 02:26:00,150
2021-03-09 02:34:00,150
2021-03-08 23:08:00,150
2021-03-10 05:26:00,150
2021-03-09 23:38:00,150
2021-03-10 00:34:00,149
2021-03-09 22:13:00,149
2021-03-10 02:41:00,149
2021-03-09 01:19:00,149
2021-03-10 03:48:00,149
2021-03-10 04:45:00,149
2021-03-10 04:26:00,149
2021-03-10 02:37:00,149
2021-03-09 01:24:00,148
2021-03-10 05:27:00,148
2021-03-10 01:29:00,148
2021-03-10 03:45:00,148
2021-03-09 21:35:00,148
2021-03-10 03:36:00,148
2021-03-10 00:19:00,148
2021-03-10 04:46:00,148
2021-03-09 23:07:00,148
2021-03-09 00:47:00,148
2021-03-09 00:23:00,148
2021-03-10 04:27:00,148
2021-03-09 23:03:00,148
2021-03-09 02:05:00,148
2021-03-09 23:44:00,148
2021-03-10 06:26:00,148
2021-03-09 21:24:00,148
2021-03-09 21:51:00,148
2021-03-09 00:52:00,148
2021-03-09 22:06:00,148
2021-03-10 03:03:00,148
2021-03-09 02:08:00,147
2021-03-09 02:19:00,147
2021-03-10 02:28:00,147
2021-03-09 23:50:00,147
2021-03-09 22:26:00,147
2021-03-10 00:37:00,147
2021-03-09 01:07:00,147
2021-03-09 22:11:00,147
2021-03-10 03:34:00,147
2021-03-10 02:50:00,147
2021-03-09 00:38:00,147
2021-03-10 00:14:00,147
2021-03-10 02:36:00,147
2021-03-10 01:48:00,147
2021-03-10 01:56:00,146
2021-03-09 03:03:00,146
2021-03-09 23:28:00,146
2021-03-09 03:30:00,146
2021-03-09 22:52:00,146
2021-03-09 06:30:00,146
2021-03-09 02:31:00,146
2021-03-10 04:57:00,146
2021-03-10 09:30:00,146
2021-03-10 04:06:00,146
2021-03-09 01:16:00,146
2021-03-09 01:40:00,146
2021-03-10 04:21:00,146
2021-03-10 04:05:00,146
2021-03-09 21:10:00,146
2021-03-10 02:09:00,146
2021-03-09 03:16:00,146
2021-03-09 22:19:00,146
2021-03-09 22:08:00,146
2021-03-09 21:58:00,145
2021-03-10 04:42:00,145
2021-03-09 01:50:00,145
2021-03-09 03:12:00,145
2021-03-10 04:11:00,145
2021-03-09 00:48:00,145
2021-03-10 04:48:00,145
2021-03-09 19:00:00,145
2021-03-10 02:48:00,145
2021-03-10 00:46:00,145
2021-03-09 01:42:00,145
2021-03-09 02:52:00,145
2021-03-10 03:05:00,145
2021-03-09 02:45:00,145
2021-03-09 22:23:00,145
2021-03-09 21:22:00,144
2021-03-09 20:02:00,144
2021-03-10 04:16:00,144
2021-03-09 04:09:00,144
2021-03-10 00:49:00,144
2021-03-09 02:27:00,144
2021-03-09 05:10:00,144
2021-03-10 03:40:00,144
2021-03-10 03:59:00,144
2021-03-10 02:20:00,144
2021-03-09 02:47:00,144
2021-03-09 04:31:00,144
2021-03-09 04:20:00,144
2021-03-10 07:30:00,144
2021-03-09 02:17:00,144
2021-03-10 02:40:00,144
2021-03-10 05:15:00,143
2021-03-10 04:17:00,143
2021-03-10 03:29:00,143
2021-03-09 03:23:00,143
2021-03-10 00:50:00,143
2021-03-09 03:05:00,143
2021-03-10 02:21:00,143
2021-03-09 21:31:00,143
2021-03-10 05:19:00,143
2021-03-10 10:00:00,143
2021-03-10 02:53:00,143
2021-03-10 02:07:00,143
2021-03-09 03:04:00,143
2021-03-09 03:49:00,143
2021-03-10 05:33:00,143
2021-03-09 01:06:00,143
2021-03-09 01:35:00,143
2021-03-10 03:11:00,143
2021-03-09 02:44:00,143
2021-03-10 04:18:00,142
2021-03-10 02:23:00,142
2021-03-09 02:36:00,142
2021-03-09 02:23:00,142
2021-03-10 03:57:00,142
2021-03-10 03:24:00,142
2021-03-09 21:19:00,142
2021-03-10 04:55:00,142
2021-03-09 22:27:00,142
2021-03-08 23:06:00,142
2021-03-09 20:50:00,142
2021-03-10 03:10:00,142
2021-03-10 05:21:00,142
2021-03-09 23:47:00,142
2021-03-09 22:04:00,142
2021-03-09 01:37:00,142
2021-03-09 02:04:00,142
2021-03-10 01:52:00,142
2021-03-09 00:46:00,142
2021-03-10 05:59:00,141
2021-03-09 00:51:00,141
2021-03-10 06:10:00,141
2021-03-08 22:15:00,141
2021-03-10 03:56:00,141
2021-03-09 22:53:00,141
2021-03-10 02:58:00,141
2021-03-10 03:54:00,141
2021-03-10 02:43:00,141
2021-03-10 02:51:00,141
2021-03-09 02:43:00,141
2021-03-08 23:19:00,141
2021-03-10 05:31:00,141
2021-03-09 00:53:00,141
2021-03-09 22:38:00,141
2021-03-10 04:23:00,141
2021-03-10 05:20:00,141
2021-03-09 21:59:00,141
2021-03-10 04:32:00,140
2021-03-09 06:08:00,140
2021-03-09 04:08:00,140
2021-03-09 22:09:00,140
2021-03-09 21:23:00,140
2021-03-09 03:37:00,140
2021-03-09 03:54:00,140
2021-03-09 21:48:00,140
2021-03-09 02:29:00,140
2021-03-09 21:13:00,140
2021-03-09 21:47:00,140
2021-03-09 02:21:00,140
2021-03-09 03:21:00,140
2021-03-09 01:22:00,140
2021-03-10 02:42:00,140
2021-03-09 21:38:00,140
2021-03-08 22:01:00,140
2021-03-09 01:52:00,140
2021-03-09 04:06:00,140
2021-03-10 03:23:00,140
2021-03-10 05:41:00,140
2021-03-08 23:11:00,140
2021-03-10 03:27:00,140
2021-03-09 02:58:00,140
2021-03-10 04:49:00,140
2021-03-09 01:18:00,139
2021-03-09 02:55:00,139
2021-03-09 03:53:00,139
2021-03-10 01:57:00,139
2021-03-10 03:44:00,139
2021-03-10 04:04:00,139
2021-03-08 22:54:00,139
2021-03-10 05:16:00,139
2021-03-10 02:54:00,139
2021-03-09 02:42:00,139
2021-03-09 03:06:00,139
2021-03-09 01:47:00,139
2021-03-09 02:22:00,139
2021-03-10 03:42:00,139
2021-03-10 03:25:00,139
2021-03-10 04:12:00,139
2021-03-10 04:36:00,139
2021-03-10 02:03:00,139
2021-03-09 03:42:00,139
2021-03-10 04:07:00,139
2021-03-10 03:08:00,139
2021-03-10 04:52:00,139
2021-03-09 02:57:00,138
2021-03-09 04:56:00,138
2021-03-10 03:35:00,138
2021-03-09 22:43:00,138
2021-03-09 03:40:00,138
2021-03-10 05:12:00,138
2021-03-08 23:10:00,138
2021-03-09 21:32:00,138
2021-03-08 21:30:00,138
2021-03-09 01:25:00,138
2021-03-09 21:49:00,138
2021-03-09 01:56:00,138
2021-03-10 06:02:00,138
2021-03-10 04:54:00,138
2021-03-10 02:05:00,138
2021-03-09 01:44:00,137
2021-03-10 05:54:00,137
2021-03-09 20:21:00,137
2021-03-10 03:47:00,137
2021-03-10 04:22:00,137
2021-03-10 03:53:00,137
2021-03-10 03:28:00,137
2021-03-08 22:45:00,137
2021-03-09 00:57:00,137
2021-03-09 04:11:00,137
2021-03-10 03:18:00,137
2021-03-10 05:05:00,137
2021-03-09 02:48:00,137
2021-03-09 02:37:00,137
2021-03-09 05:12:00,137
2021-03-10 02:25:00,137
2021-03-10 03:51:00,137
2021-03-09 05:40:00,137
2021-03-09 03:38:00,137
2021-03-08 21:22:00,137
2021-03-09 21:29:00,137
2021-03-09 04:15:00,136
2021-03-09 20:51:00,136
2021-03-09 03:10:00,136
2021-03-09 21:11:00,136
2021-03-09 20:20:00,136
2021-03-09 20:44:00,136
2021-03-10 03:06:00,136
2021-03-09 22:22:00,136
2021-03-09 06:22:00,136
2021-03-09 01:23:00,136
2021-03-09 20:57:00,136
2021-03-09 22:33:00,136
2021-03-08 23:05:00,136
2021-03-09 21:21:00,136
2021-03-10 04:37:00,135
2021-03-09 21:14:00,135
2021-03-09 21:41:00,135
2021-03-10 04:35:00,135
2021-03-10 03:49:00,135
2021-03-09 03:13:00,135
2021-03-09 01:34:00,135
2021-03-09 05:06:00,135
2021-03-09 03:29:00,135
2021-03-09 03:14:00,135
2021-03-09 04:02:00,135
2021-03-09 02:24:00,135
2021-03-09 04:43:00,135
2021-03-09 03:28:00,135
2021-03-09 01:14:00,135
2021-03-09 03:01:00,135
2021-03-10 04:43:00,135
2021-03-09 02:20:00,135
2021-03-10 03:37:00,135
2021-03-09 04:45:00,135
2021-03-10 04:58:00,135
2021-03-09 01:57:00,135
2021-03-09 22:14:00,135
2021-03-09 20:38:00,134
2021-03-09 04:05:00,134
2021-03-09 01:55:00,134
2021-03-09 00:49:00,134
2021-03-09 01:38:00,134
2021-03-09 01:51:00,134
2021-03-09 03:34:00,134
2021-03-09 01:13:00,134
2021-03-09 21:02:00,134
2021-03-08 23:04:00,134
2021-03-10 05:10:00,134
2021-03-09 22:44:00,134
2021-03-10 02:24:00,134
2021-03-08 22:53:00,134
2021-03-10 03:26:00,134
2021-03-10 05:50:00,134
2021-03-09 22:37:00,134
2021-03-10 03:19:00,134
2021-03-09 03:55:00,134
2021-03-09 21:28:00,134
2021-03-10 03:58:00,134
2021-03-09 05:26:00,133
2021-03-09 21:25:00,133
2021-03-10 03:32:00,133
2021-03-10 03:52:00,133
2021-03-10 01:39:00,133
2021-03-10 05:36:00,133
2021-03-09 01:46:00,133
2021-03-09 03:20:00,133
2021-03-09 01:53:00,133
2021-03-09 02:28:00,133
2021-03-09 03:15:00,133
2021-03-10 04:41:00,133
2021-03-10 05:13:00,133
2021-03-10 05:18:00,133
2021-03-09 21:03:00,133
2021-03-10 05:06:00,133
2021-03-09 05:50:00,133
2021-03-10 02:47:00,133
2021-03-09 21:09:00,132
2021-03-09 21:12:00,132
2021-03-09 19:46:00,132
2021-03-10 05:08:00,132
2021-03-10 04:09:00,132
2021-03-09 21:18:00,132
2021-03-10 04:31:00,132
2021-03-09 04:35:00,132
2021-03-09 02:13:00,132
2021-03-09 04:13:00,132
2021-03-10 05:38:00,132
2021-03-10 03:41:00,132
2021-03-09 01:41:00,132
2021-03-09 20:56:00,132
2021-03-09 03:11:00,132
2021-03-10 04:14:00,132
2021-03-09 20:59:00,132
2021-03-10 05:45:00,132
2021-03-10 05:39:00,131
2021-03-09 01:59:00,131
2021-03-09 21:06:00,131
2021-03-09 04:18:00,131
2021-03-10 04:02:00,131
2021-03-09 04:44:00,131
2021-03-09 04:24:00,131
2021-03-09 02:06:00,131
2021-03-09 22:29:00,131
2021-03-09 05:28:00,130
2021-03-10 05:43:00,130
2021-03-10 06:04:00,130
2021-03-10 05:49:00,130
2021-03-10 04:59:00,130
2021-03-09 02:56:00,130
2021-03-09 19:45:00,130
2021-03-10 06:35:00,130
2021-03-10 05:02:00,130
2021-03-10 06:13:00,130
2021-03-09 22:58:00,130
2021-03-09 23:24:00,130
2021-03-10 06:55:00,130
2021-03-10 05:07:00,130
2021-03-10 06:45:00,130
2021-03-08 22:58:00,129
2021-03-10 04:53:00,129
2021-03-10 05:03:00,129
2021-03-09 21:40:00,129
2021-03-10 06:30:00,129
2021-03-10 06:16:00,129
2021-03-10 04:29:00,129
2021-03-09 05:14:00,129
2021-03-09 05:02:00,129
2021-03-08 21:01:00,129
2021-03-10 08:30:00,129
2021-03-09 04:46:00,129
2021-03-09 02:14:00,129
2021-03-08 21:00:00,129
2021-03-09 01:03:00,129
2021-03-10 04:56:00,129
2021-03-09 05:24:00,128
2021-03-09 05:15:00,128
2021-03-09 19:50:00,128
2021-03-09 21:07:00,128
2021-03-09 02:49:00,128
2021-03-10 03:09:00,128
2021-03-09 05:05:00,128
2021-03-10 05:11:00,128
2021-03-08 22:56:00,128
2021-03-09 06:33:00,128
2021-03-09 05:38:00,128
2021-03-09 20:23:00,128
2021-03-09 05:07:00,128
2021-03-09 03:08:00,128
2021-03-09 21:16:00,127
2021-03-09 03:59:00,127
2021-03-09 06:00:00,127
2021-03-10 03:07:00,127
2021-03-08 23:01:00,127
2021-03-10 02:38:00,127
2021-03-10 02:22:00,127
2021-03-08 22:55:00,127
2021-03-09 01:48:00,127
2021-03-10 03:31:00,127
2021-03-09 03:31:00,127
2021-03-09 02:32:00,127
2021-03-10 04:24:00,127
2021-03-09 05:39:00,127
2021-03-09 04:21:00,127
2021-03-09 20:01:00,127
2021-03-09 02:50:00,127
2021-03-09 01:49:00,127
2021-03-10 06:50:00,127
2021-03-09 02:33:00,126
2021-03-09 03:26:00,126
2021-03-10 03:43:00,126
2021-03-09 06:15:00,126
2021-03-10 05:35:00,126
2021-03-09 01:58:00,126
2021-03-09 20:58:00,126
2021-03-09 03:27:00,126
2021-03-09 05:54:00,126
2021-03-10 07:45:00,126
2021-03-10 04:13:00,126
2021-03-09 03:22:00,126
2021-03-09 20:40:00,126
2021-03-09 04:23:00,126
2021-03-09 19:30:00,126
2021-03-09 04:16:00,126
2021-03-10 02:49:00,126
2021-03-09 01:43:00,126
2021-03-09 21:08:00,125
2021-03-09 01:33:00,125
2021-03-09 05:03:00,125
2021-03-10 06:15:00,125
2021-03-09 02:51:00,125
2021-03-09 03:19:00,125
2021-03-09 04:37:00,125
2021-03-09 04:58:00,125
2021-03-09 20:03:00,125
2021-03-10 05:47:00,125
2021-03-08 21:46:00,125
2021-03-09 06:25:00,125
2021-03-10 05:42:00,125
2021-03-10 05:53:00,125
2021-03-08 22:47:00,125
2021-03-10 04:20:00,125
2021-03-10 04:34:00,125
2021-03-09 05:45:00,125
2021-03-09 20:12:00,125
2021-03-10 08:08:00,125
2021-03-09 06:20:00,125
2021-03-10 07:40:00,124
2021-03-09 05:09:00,124
2021-03-09 20:55:00,124
2021-03-09 21:01:00,124
2021-03-10 06:08:00,124
2021-03-09 05:20:00,124
2021-03-09 05:37:00,124
2021-03-09 04:25:00,124
2021-03-09 03:51:00,124
2021-03-10 07:18:00,124
2021-03-09 04:59:00,124
2021-03-09 19:12:00,124
2021-03-09 21:20:00,124
2021-03-10 05:55:00,124
2021-03-10 03:12:00,124
2021-03-09 04:26:00,124
2021-03-09 20:22:00,124
2021-03-09 03:41:00,124
2021-03-09 02:35:00,124
2021-03-08 22:18:00,124
2021-03-09 20:46:00,124
2021-03-10 08:01:00,124
2021-03-09 01:11:00,123
2021-03-09 20:11:00,123
2021-03-09 21:46:00,123
2021-03-09 20:48:00,123
2021-03-10 04:39:00,123
2021-03-10 03:13:00,123
2021-03-09 06:05:00,123
2021-03-09 06:11:00,123
2021-03-09 04:55:00,123
2021-03-09 19:15:00,123
2021-03-09 20:10:00,123
2021-03-10 05:56:00,123
2021-03-09 03:52:00,123
2021-03-09 04:49:00,123
2021-03-10 04:44:00,123
2021-03-10 04:38:00,123
2021-03-10 05:32:00,123
2021-03-10 06:46:00,123
2021-03-08 22:36:00,123
2021-03-08 22:20:00,123
2021-03-10 04:50:00,123
2021-03-09 19:52:00,123
2021-03-09 22:03:00,123
2021-03-09 19:58:00,123
2021-03-09 03:58:00,123
2021-03-09 20:05:00,123
2021-03-09 20:26:00,122
2021-03-09 05:36:00,122
2021-03-09 01:12:00,122
2021-03-09 04:38:00,122
2021-03-09 06:34:00,122
2021-03-09 03:35:00,122
2021-03-10 03:46:00,122
2021-03-10 06:17:00,122
2021-03-09 20:54:00,122
2021-03-10 05:17:00,122
2021-03-09 06:16:00,122
2021-03-09 05:13:00,122
2021-03-10 07:01:00,122
2021-03-09 05:22:00,122
2021-03-10 05:44:00,122
2021-03-09 02:41:00,122
2021-03-08 21:14:00,121
2021-03-09 01:29:00,121
2021-03-09 19:40:00,121
2021-03-09 03:39:00,121
2021-03-10 07:54:00,121
2021-03-10 07:19:00,121
2021-03-09 06:06:00,121
2021-03-09 06:02:00,121
2021-03-09 01:04:00,121
2021-03-09 03:45:00,121
2021-03-09 06:18:00,121
2021-03-10 05:22:00,121
2021-03-09 06:36:00,121
2021-03-10 05:34:00,121
2021-03-10 08:00:00,121
2021-03-09 04:04:00,121
2021-03-10 05:40:00,121
2021-03-08 22:02:00,121
2021-03-09 06:31:00,120
2021-03-09 03:25:00,120
2021-03-09 19:35:00,120
2021-03-08 21:52:00,120
2021-03-10 03:14:00,120
2021-03-09 06:40:00,120
2021-03-09 06:14:00,120
2021-03-10 06:14:00,120
2021-03-10 06:06:00,120
2021-03-09 05:43:00,120
2021-03-09 05:19:00,120
2021-03-09 20:18:00,120
2021-03-09 20:53:00,120
2021-03-08 22:42:00,119
2021-03-08 20:00:00,119
2021-03-08 22:28:00,119
2021-03-09 20:34:00,119
2021-03-09 04:03:00,119
2021-03-09 20:29:00,119
2021-03-10 02:59:00,119
2021-03-10 05:25:00,119
2021-03-08 21:51:00,119
2021-03-09 06:50:00,119
2021-03-10 05:48:00,119
2021-03-09 20:52:00,119
2021-03-10 09:51:00,119
2021-03-10 07:05:00,119
2021-03-09 08:00:00,119
2021-03-09 20:16:00,119
2021-03-09 06:19:00,119
2021-03-09 20:06:00,119
2021-03-09 03:24:00,119
2021-03-09 20:04:00,118
2021-03-10 09:34:00,118
2021-03-10 07:12:00,118
2021-03-10 02:27:00,118
2021-03-10 05:58:00,118
2021-03-09 02:40:00,118
2021-03-09 09:30:00,118
2021-03-09 06:01:00,118
2021-03-09 06:48:00,118
2021-03-10 05:29:00,118
2021-03-09 04:41:00,118
2021-03-09 19:33:00,118
2021-03-10 05:51:00,118
2021-03-09 07:05:00,118
2021-03-10 08:55:00,118
2021-03-08 22:21:00,118
2021-03-09 04:33:00,118
2021-03-09 03:18:00,118
2021-03-09 19:02:00,118
2021-03-09 05:33:00,118
2021-03-09 06:42:00,118
2021-03-09 21:27:00,118
2021-03-09 05:35:00,118
2021-03-10 07:44:00,118
2021-03-09 06:09:00,117
2021-03-08 22:10:00,117
2021-03-09 06:17:00,117
2021-03-09 01:54:00,117
2021-03-09 08:30:00,117
2021-03-10 06:05:00,117
2021-03-10 06:21:00,117
2021-03-08 22:16:00,117
2021-03-08 21:56:00,117
2021-03-10 03:17:00,117
2021-03-09 03:46:00,117
2021-03-09 04:07:00,117
2021-03-09 05:52:00,117
2021-03-10 06:49:00,117
2021-03-09 05:17:00,117
2021-03-08 22:05:00,117
2021-03-10 08:50:00,117
2021-03-08 21:06:00,117
2021-03-09 03:32:00,117
2021-03-10 07:10:00,117
2021-03-08 21:15:00,116
2021-03-08 22:46:00,116
2021-03-09 05:58:00,116
2021-03-09 04:10:00,116
2021-03-09 06:26:00,116
2021-03-09 19:01:00,116
2021-03-09 20:41:00,116
2021-03-10 07:36:00,116
2021-03-09 09:20:00,116
2021-03-09 04:12:00,116
2021-03-09 05:55:00,116
2021-03-10 07:24:00,116
2021-03-10 06:31:00,116
2021-03-09 20:39:00,116
2021-03-10 06:52:00,116
2021-03-09 05:21:00,116
2021-03-09 19:23:00,116
2021-03-08 22:19:00,116
2021-03-09 20:43:00,116
2021-03-09 03:33:00,116
2021-03-10 10:20:00,116
2021-03-10 06:44:00,116
2021-03-09 02:59:00,116
2021-03-09 20:27:00,116
2021-03-08 21:21:00,116
2021-03-10 06:40:00,115
2021-03-10 06:19:00,115
2021-03-10 06:41:00,115
2021-03-09 18:45:00,115
2021-03-10 06:32:00,115
2021-03-09 08:01:00,115
2021-03-10 07:02:00,115
2021-03-10 06:33:00,115
2021-03-08 21:24:00,115
2021-03-08 22:17:00,115
2021-03-09 03:57:00,115
2021-03-10 08:22:00,115
2021-03-08 21:54:00,115
2021-03-10 06:12:00,115
2021-03-10 07:16:00,115
2021-03-10 06:28:00,115
2021-03-09 05:31:00,115
2021-03-08 21:05:00,115
2021-03-09 19:44:00,115
2021-03-08 21:58:00,115
2021-03-09 06:28:00,115
2021-03-09 07:30:00,114
2021-03-10 06:09:00,114
2021-03-09 19:59:00,114
2021-03-08 22:37:00,114
2021-03-10 07:20:00,114
2021-03-09 06:03:00,114
2021-03-09 05:08:00,114
2021-03-09 09:08:00,114
2021-03-09 17:30:00,114
2021-03-09 03:44:00,114
2021-03-10 05:24:00,114
2021-03-09 04:36:00,114
2021-03-09 20:35:00,114
2021-03-09 20:49:00,114
2021-03-08 22:11:00,114
2021-03-09 06:45:00,114
2021-03-09 07:03:00,114
2021-03-09 04:50:00,114
2021-03-10 09:15:00,113
2021-03-10 07:58:00,113
2021-03-09 20:31:00,113
2021-03-09 05:32:00,113
2021-03-09 06:24:00,113
2021-03-08 22:52:00,113
2021-03-09 20:42:00,113
2021-03-09 19:53:00,113
2021-03-09 04:22:00,113
2021-03-09 20:07:00,113
2021-03-10 05:37:00,113
2021-03-08 20:45:00,113
2021-03-09 05:46:00,113
2021-03-09 19:51:00,113
2021-03-09 02:46:00,113
2021-03-10 06:03:00,113
2021-03-10 03:33:00,113
2021-03-09 04:32:00,113
2021-03-08 21:49:00,113
2021-03-09 04:40:00,113
2021-03-09 19:54:00,113
2021-03-10 04:47:00,113
2021-03-08 22:24:00,113
2021-03-10 06:11:00,113
2021-03-09 05:34:00,113
2021-03-08 22:41:00,113
2021-03-09 05:27:00,113
2021-03-10 06:42:00,113
2021-03-10 08:14:00,112
2021-03-09 07:11:00,112
2021-03-08 22:31:00,112
2021-03-08 22:40:00,112
2021-03-09 04:14:00,112
2021-03-09 07:04:00,112
2021-03-09 20:17:00,112
2021-03-09 05:01:00,112
2021-03-09 07:54:00,112
2021-03-10 10:42:00,112
2021-03-08 21:09:00,112
2021-03-09 05:29:00,112
2021-03-10 06:59:00,112
2021-03-09 19:07:00,112
2021-03-09 05:11:00,112
2021-03-10 06:22:00,112
2021-03-10 07:32:00,112
2021-03-08 21:20:00,112
2021-03-09 04:54:00,112
2021-03-09 07:46:00,112
2021-03-10 12:00:00,112
2021-03-10 07:15:00,112
2021-03-09 19:32:00,112
2021-03-10 06:18:00,112
2021-03-09 03:17:00,111
2021-03-09 06:58:00,111
2021-03-08 21:32:00,111
2021-03-08 22:43:00,111
2021-03-10 06:56:00,111
2021-03-09 19:06:00,111
2021-03-09 07:16:00,111
2021-03-09 03:09:00,111
2021-03-09 19:55:00,111
2021-03-10 09:32:00,111
2021-03-10 10:23:00,111
2021-03-09 19:48:00,111
2021-03-09 05:42:00,111
2021-03-09 07:02:00,111
2021-03-10 07:04:00,111
2021-03-09 19:47:00,111
2021-03-09 04:51:00,111
2021-03-09 06:04:00,111
2021-03-09 18:30:00,111
2021-03-10 08:17:00,111
2021-03-09 20:13:00,111
2021-03-09 04:57:00,111
2021-03-08 22:08:00,111
2021-03-10 10:30:00,111
2021-03-08 22:09:00,110
2021-03-10 07:34:00,110
2021-03-08 21:53:00,110
2021-03-09 07:49:00,110
2021-03-10 08:16:00,110
2021-03-08 22:59:00,110
2021-03-10 07:31:00,110
2021-03-09 19:42:00,110
2021-03-09 05:04:00,110
2021-03-09 04:29:00,110
2021-03-09 08:58:00,110
2021-03-10 06:24:00,110
2021-03-10 06:23:00,110
2021-03-10 09:31:00,110
2021-03-10 07:22:00,110
2021-03-10 06:34:00,110
2021-03-09 20:32:00,110
2021-03-10 09:16:00,110
2021-03-09 07:26:00,110
2021-03-08 22:39:00,110
2021-03-09 04:27:00,110
2021-03-08 22:57:00,110
2021-03-10 05:46:00,110
2021-03-09 08:34:00,109
2021-03-09 04:52:00,109
2021-03-09 05:57:00,109
2021-03-09 20:37:00,109
2021-03-09 19:16:00,109
2021-03-09 04:39:00,109
2021-03-09 19:20:00,109
2021-03-10 06:25:00,109
2021-03-09 20:15:00,109
2021-03-09 21:37:00,109
2021-03-10 07:29:00,109
2021-03-08 20:35:00,109
2021-03-10 07:41:00,109
2021-03-09 20:28:00,109
2021-03-09 06:41:00,109
2021-03-08 21:29:00,109
2021-03-08 20:47:00,109
2021-03-08 21:50:00,109
2021-03-10 10:35:00,109
2021-03-10 06:07:00,108
2021-03-10 10:10:00,108
2021-03-08 22:12:00,108
2021-03-08 21:16:00,108
2021-03-09 04:48:00,108
2021-03-09 05:44:00,108
2021-03-08 21:55:00,108
2021-03-08 22:25:00,108
2021-03-09 07:45:00,108
2021-03-08 21:35:00,108
2021-03-09 07:50:00,108
2021-03-09 19:36:00,108
2021-03-09 06:57:00,108
2021-03-10 10:18:00,108
2021-03-10 11:00:00,108
2021-03-10 06:38:00,108
2021-03-08 22:30:00,108
2021-03-09 11:00:00,107
2021-03-10 06:58:00,107
2021-03-08 20:20:00,107
2021-03-09 04:42:00,107
2021-03-09 08:09:00,107
2021-03-09 19:09:00,107
2021-03-10 09:03:00,107
2021-03-10 08:07:00,107
2021-03-09 06:43:00,107
2021-03-10 09:41:00,107
2021-03-09 09:00:00,107
2021-03-09 07:56:00,107
2021-03-09 04:53:00,107
2021-03-08 22:35:00,107
2021-03-10 09:25:00,107
2021-03-08 22:33:00,107
2021-03-10 05:52:00,107
2021-03-09 06:27:00,107
2021-03-09 08:08:00,107
2021-03-09 20:08:00,107
2021-03-10 10:08:00,107
2021-03-10 09:33:00,107
2021-03-09 20:25:00,107
2021-03-09 06:21:00,107
2021-03-10 06:51:00,106
2021-03-09 19:31:00,106
2021-03-09 20:36:00,106
2021-03-09 06:32:00,106
2021-03-10 09:26:00,106
2021-03-10 09:38:00,106
2021-03-08 21:47:00,106
2021-03-08 21:40:00,106
2021-03-08 21:19:00,106
2021-03-09 08:28:00,106
2021-03-09 03:43:00,106
2021-03-09 20:19:00,106
2021-03-09 06:37:00,106
2021-03-09 07:07:00,106
2021-03-10 09:40:00,106
2021-03-09 19:56:00,106
2021-03-09 05:59:00,106
2021-03-09 04:34:00,106
2021-03-08 20:56:00,105
2021-03-09 02:53:00,105
2021-03-08 20:31:00,105
2021-03-09 06:49:00,105
2021-03-08 21:03:00,105
2021-03-08 21:26:00,105
2021-03-08 22:26:00,105
2021-03-10 07:28:00,105
2021-03-10 10:12:00,105
2021-03-09 20:33:00,105
2021-03-10 07:50:00,105
2021-03-10 09:20:00,105
2021-03-09 07:27:00,105
2021-03-10 08:10:00,105
2021-03-09 05:56:00,105
2021-03-10 06:43:00,105
2021-03-10 09:54:00,105
2021-03-10 08:40:00,105
2021-03-09 06:44:00,105
2021-03-10 08:31:00,104
2021-03-08 20:24:00,104
2021-03-09 09:26:00,104
2021-03-08 21:36:00,104
2021-03-10 07:51:00,104
2021-03-09 19:34:00,104
2021-03-09 08:29:00,104
2021-03-10 07:23:00,104
2021-03-09 19:04:00,104
2021-03-10 10:15:00,104
2021-03-10 06:53:00,104
2021-03-09 05:25:00,104
2021-03-09 10:00:00,104
2021-03-09 05:18:00,104
2021-03-10 08:13:00,104
2021-03-10 10:36:00,104
2021-03-08 20:36:00,104
2021-03-10 07:08:00,104
2021-03-10 07:35:00,104
2021-03-10 08:15:00,104
2021-03-08 21:45:00,104
2021-03-09 19:17:00,104
2021-03-09 20:14:00,104
2021-03-08 20:23:00,104
2021-03-10 07:14:00,104
2021-03-08 21:28:00,103
2021-03-09 06:39:00,103
2021-03-10 07:11:00,103
2021-03-10 06:48:00,103
2021-03-09 08:37:00,103
2021-03-08 19:00:00,103
2021-03-08 22:03:00,103
2021-03-08 22:13:00,103
2021-03-10 07:42:00,103
2021-03-09 19:29:00,103
2021-03-09 04:17:00,103
2021-03-10 10:09:00,103
2021-03-09 08:45:00,103
2021-03-08 21:41:00,103
2021-03-09 09:14:00,103
2021-03-09 07:31:00,103
2021-03-10 08:20:00,102
2021-03-09 19:26:00,102
2021-03-08 22:29:00,102
2021-03-10 09:48:00,102
2021-03-08 20:22:00,102
2021-03-09 19:10:00,102
2021-03-10 09:24:00,102
2021-03-09 19:57:00,102
2021-03-09 19:41:00,102
2021-03-09 19:25:00,102
2021-03-09 08:53:00,102
2021-03-08 21:33:00,102
2021-03-08 10:00:00,102
2021-03-09 06:47:00,102
2021-03-08 20:42:00,102
2021-03-08 22:06:00,102
2021-03-08 21:39:00,102
2021-03-08 20:28:00,102
2021-03-10 08:44:00,102
2021-03-08 22:27:00,101
2021-03-09 04:19:00,101
2021-03-10 06:54:00,101
2021-03-09 09:17:00,101
2021-03-10 11:08:00,101
2021-03-08 21:43:00,101
2021-03-10 07:53:00,101
2021-03-09 06:35:00,101
2021-03-10 07:25:00,101
2021-03-10 08:58:00,101
2021-03-09 09:45:00,101
2021-03-10 08:18:00,101
2021-03-09 07:37:00,101
2021-03-10 10:04:00,101
2021-03-09 06:38:00,101
2021-03-08 22:22:00,101
2021-03-10 09:58:00,101
2021-03-08 20:27:00,101
2021-03-09 19:39:00,101
2021-03-09 06:46:00,101
2021-03-10 08:24:00,101
2021-03-10 07:43:00,101
2021-03-09 07:01:00,101
2021-03-09 03:56:00,101
2021-03-10 09:07:00,101
2021-03-08 22:07:00,101
2021-03-09 19:38:00,101
2021-03-09 09:07:00,101
2021-03-09 07:51:00,100
2021-03-10 05:28:00,100
2021-03-10 08:26:00,100
2021-03-08 22:32:00,100
2021-03-08 21:11:00,100
2021-03-09 09:06:00,100
2021-03-10 07:17:00,100
2021-03-10 09:22:00,100
2021-03-10 07:26:00,100
2021-03-09 07:35:00,100
2021-03-10 09:12:00,100
2021-03-09 07:34:00,100
2021-03-10 06:47:00,100
2021-03-08 21:18:00,100
2021-03-09 07:12:00,100
2021-03-09 07:20:00,100
2021-03-09 07:29:00,100
2021-03-08 21:31:00,100
2021-03-10 09:10:00,100
2021-03-09 05:16:00,100
2021-03-10 08:51:00,100
2021-03-09 08:55:00,100
2021-03-09 07:15:00,100
2021-03-09 06:12:00,100
2021-03-10 10:54:00,100
2021-03-09 04:28:00,100
2021-03-09 06:52:00,100
2021-03-10 10:07:00,100
2021-03-09 08:10:00,100
2021-03-10 07:49:00,99
2021-03-08 21:23:00,99
2021-03-10 07:52:00,99
2021-03-10 10:28:00,99
2021-03-10 09:56:00,99
2021-03-09 09:22:00,99
2021-03-09 09:29:00,99
2021-03-08 21:48:00,99
2021-03-10 08:04:00,99
2021-03-10 10:50:00,99
2021-03-09 05:47:00,99
2021-03-09 05:48:00,99
2021-03-09 18:54:00,99
2021-03-09 06:29:00,99
2021-03-09 08:38:00,99
2021-03-09 18:00:00,99
2021-03-10 07:59:00,99
2021-03-10 08:33:00,99
2021-03-09 06:23:00,99
2021-03-09 10:30:00,99
2021-03-08 21:02:00,99
2021-03-10 07:47:00,99
2021-03-08 20:02:00,99
2021-03-08 19:37:00,99
2021-03-09 08:57:00,99
2021-03-08 19:31:00,99
2021-03-08 22:51:00,98
2021-03-09 18:56:00,98
2021-03-10 08:03:00,98
2021-03-10 11:01:00,98
2021-03-09 19:22:00,98
2021-03-08 20:12:00,98
2021-03-10 06:37:00,98
2021-03-10 08:48:00,98
2021-03-08 20:59:00,98
2021-03-10 10:24:00,98
2021-03-08 21:42:00,98
2021-03-10 08:19:00,98
2021-03-08 21:25:00,98
2021-03-10 10:32:00,98
2021-03-08 20:01:00,98
2021-03-08 22:34:00,98
2021-03-09 19:03:00,98
2021-03-10 06:29:00,98
2021-03-10 11:20:00,98
2021-03-10 08:23:00,98
2021-03-09 09:31:00,98
2021-03-10 11:32:00,98
2021-03-10 09:06:00,98
2021-03-10 06:39:00,98
2021-03-10 08:45:00,98
2021-03-09 07:14:00,98
2021-03-10 10:43:00,98
2021-03-09 15:00:00,98
2021-03-09 09:18:00,97
2021-03-09 07:32:00,97
2021-03-10 09:05:00,97
2021-03-09 19:08:00,97
2021-03-10 09:29:00,97
2021-03-10 07:39:00,97
2021-03-08 20:51:00,97
2021-03-09 19:37:00,97
2021-03-10 10:02:00,97
2021-03-10 07:07:00,97
2021-03-10 09:45:00,97
2021-03-08 20:52:00,97
2021-03-10 09:08:00,97
2021-03-10 09:47:00,97
2021-03-08 21:34:00,97
2021-03-09 10:12:00,97
2021-03-09 07:41:00,97
2021-03-09 19:43:00,97
2021-03-08 20:10:00,97
2021-03-10 07:27:00,97
2021-03-10 08:11:00,97
2021-03-09 07:40:00,97
2021-03-09 07:36:00,97
2021-03-08 21:10:00,97
2021-03-10 08:12:00,97
2021-03-08 20:21:00,97
2021-03-08 20:50:00,97
2021-03-10 09:44:00,97
2021-03-10 10:14:00,96
2021-03-10 09:14:00,96
2021-03-09 09:23:00,96
2021-03-08 21:17:00,96
2021-03-09 06:10:00,96
2021-03-10 06:36:00,96
2021-03-09 10:20:00,96
2021-03-10 09:37:00,96
2021-03-09 08:17:00,96
2021-03-09 06:53:00,96
2021-03-10 11:02:00,96
2021-03-10 06:20:00,96
2021-03-09 09:24:00,96
2021-03-08 19:30:00,96
2021-03-10 11:30:00,96
2021-03-09 19:14:00,96
2021-03-09 09:27:00,96
2021-03-08 20:38:00,96
2021-03-08 22:14:00,96
2021-03-10 13:00:00,96
2021-03-08 21:13:00,96
2021-03-09 08:23:00,95
2021-03-09 07:38:00,95
2021-03-09 18:46:00,95
2021-03-09 07:10:00,95
2021-03-09 09:32:00,95
2021-03-10 08:28:00,95
2021-03-10 08:21:00,95
2021-03-08 22:04:00,95
2021-03-09 18:33:00,95
2021-03-09 19:05:00,95
2021-03-08 22:48:00,95
2021-03-10 09:42:00,95
2021-03-10 09:18:00,95
2021-03-09 07:24:00,95
2021-03-09 05:51:00,95
2021-03-09 09:28:00,95
2021-03-08 16:00:00,95
2021-03-09 18:43:00,95
2021-03-09 04:47:00,95
2021-03-09 07:57:00,95
2021-03-09 19:24:00,95
2021-03-09 18:57:00,95
2021-03-10 12:20:00,95
2021-03-10 10:34:00,95
2021-03-09 07:39:00,95
2021-03-10 09:43:00,95
2021-03-09 06:56:00,95
2021-03-08 21:12:00,95
2021-03-09 06:13:00,95
2021-03-10 08:47:00,94
2021-03-08 20:14:00,94
2021-03-10 07:46:00,94
2021-03-10 06:57:00,94
2021-03-10 11:15:00,94
2021-03-08 22:38:00,94
2021-03-09 06:51:00,94
2021-03-10 12:30:00,94
2021-03-09 08:15:00,94
2021-03-10 11:16:00,94
2021-03-09 09:01:00,94
2021-03-09 15:02:00,94
2021-03-09 05:53:00,94
2021-03-09 07:44:00,94
2021-03-09 08:25:00,94
2021-03-09 08:18:00,94
2021-03-10 08:42:00,94
2021-03-09 13:00:00,94
2021-03-08 21:27:00,94
2021-03-09 08:06:00,94
2021-03-09 05:49:00,94
2021-03-09 08:35:00,94
2021-03-10 08:36:00,94
2021-03-10 09:35:00,93
2021-03-09 20:47:00,93
2021-03-09 09:13:00,93
2021-03-09 09:36:00,93
2021-03-08 21:38:00,93
2021-03-09 09:55:00,93
2021-03-09 11:21:00,93
2021-03-08 20:55:00,93
2021-03-10 08:41:00,93
2021-03-09 06:55:00,93
2021-03-09 19:28:00,93
2021-03-10 07:55:00,93
2021-03-10 09:59:00,93
2021-03-10 07:06:00,93
2021-03-09 09:12:00,93
2021-03-10 05:57:00,93
2021-03-09 06:59:00,93
2021-03-08 21:04:00,93
2021-03-09 08:12:00,93
2021-03-08 20:44:00,93
2021-03-10 08:34:00,93
2021-03-10 11:05:00,93
2021-03-09 08:36:00,93
2021-03-09 19:18:00,93
2021-03-09 14:45:00,93
2021-03-08 20:30:00,93
2021-03-09 07:08:00,93
2021-03-09 07:28:00,93
2021-03-09 20:24:00,93
2021-03-09 08:59:00,93
2021-03-10 11:22:00,93
2021-03-09 10:13:00,93
2021-03-10 07:13:00,93
2021-03-10 10:05:00,92
2021-03-08 18:42:00,92
2021-03-10 10:46:00,92
2021-03-09 08:40:00,92
2021-03-09 08:27:00,92
2021-03-08 22:23:00,92
2021-03-09 08:31:00,92
2021-03-09 09:21:00,92
2021-03-09 07:13:00,92
2021-03-09 08:48:00,92
2021-03-09 09:16:00,92
2021-03-09 18:40:00,92
2021-03-09 05:23:00,92
2021-03-09 19:49:00,92
2021-03-09 08:21:00,92
2021-03-09 17:00:00,92
2021-03-10 08:35:00,92
2021-03-09 18:36:00,92
2021-03-10 10:47:00,92
2021-03-10 10:49:00,92
2021-03-09 06:07:00,92
2021-03-10 10:41:00,92
2021-03-08 20:58:00,92
2021-03-10 09:50:00,92
2021-03-09 07:18:00,92
2021-03-09 07:55:00,92
2021-03-10 12:10:00,91
2021-03-10 08:05:00,91
2021-03-09 20:09:00,91
2021-03-08 22:49:00,91
2021-03-10 10:19:00,91
2021-03-10 12:25:00,91
2021-03-10 09:39:00,91
2021-03-09 18:58:00,91
2021-03-10 09:49:00,91
2021-03-08 21:59:00,91
2021-03-10 08:25:00,91
2021-03-08 20:05:00,91
2021-03-10 11:23:00,91
2021-03-09 08:07:00,91
2021-03-10 07:38:00,91
2021-03-09 09:03:00,91
2021-03-10 08:38:00,91
2021-03-08 20:13:00,91
2021-03-10 08:06:00,91
2021-03-09 17:01:00,91
2021-03-09 05:41:00,91
2021-03-09 18:01:00,91
2021-03-09 09:25:00,91
2021-03-09 15:13:00,91
2021-03-10 06:27:00,91
2021-03-09 07:21:00,91
2021-03-08 19:43:00,91
2021-03-10 10:55:00,91
2021-03-08 20:19:00,90
2021-03-09 17:38:00,90
2021-03-10 07:03:00,90
2021-03-10 09:04:00,90
2021-03-09 09:52:00,90
2021-03-10 11:49:00,90
2021-03-09 08:16:00,90
2021-03-10 10:51:00,90
2021-03-09 08:44:00,90
2021-03-10 10:52:00,90
2021-03-10 08:02:00,90
2021-03-10 08:39:00,90
2021-03-10 07:56:00,90
2021-03-10 10:31:00,90
2021-03-09 08:20:00,90
2021-03-10 10:59:00,90
2021-03-08 20:32:00,90
2021-03-10 10:29:00,90
2021-03-10 10:13:00,90
2021-03-10 10:22:00,90
2021-03-09 08:19:00,90
2021-03-10 11:55:00,89
2021-03-09 18:28:00,89
2021-03-10 10:16:00,89
2021-03-10 07:57:00,89
2021-03-10 09:53:00,89
2021-03-09 09:44:00,89
2021-03-09 15:49:00,89
2021-03-08 19:36:00,89
2021-03-09 16:00:00,89
2021-03-08 20:33:00,89
2021-03-08 21:44:00,89
2021-03-09 18:22:00,89
2021-03-10 09:01:00,89
2021-03-10 10:39:00,89
2021-03-09 07:09:00,89
2021-03-08 20:29:00,89
2021-03-09 11:02:00,89
2021-03-10 07:09:00,89
2021-03-08 20:53:00,89
2021-03-10 10:58:00,88
2021-03-10 10:38:00,88
2021-03-09 08:14:00,88
2021-03-09 15:45:00,88
2021-03-08 19:11:00,88
2021-03-08 18:00:00,88
2021-03-09 07:25:00,88
2021-03-10 10:01:00,88
2021-03-10 09:55:00,88
2021-03-10 10:11:00,88
2021-03-08 19:03:00,88
2021-03-09 18:15:00,88
2021-03-08 19:45:00,88
2021-03-10 11:11:00,88
2021-03-08 19:26:00,88
2021-03-09 09:11:00,88
2021-03-09 07:47:00,88
2021-03-08 19:40:00,87
2021-03-10 09:09:00,87
2021-03-09 08:05:00,87
2021-03-09 11:01:00,87
2021-03-10 11:47:00,87
2021-03-10 12:54:00,87
2021-03-09 07:06:00,87
2021-03-10 09:17:00,87
2021-03-09 18:53:00,87
2021-03-09 19:21:00,87
2021-03-09 09:04:00,87
2021-03-10 11:12:00,87
2021-03-09 09:37:00,87
2021-03-09 08:11:00,87
2021-03-08 19:33:00,87
2021-03-09 19:11:00,87
2021-03-09 09:35:00,87
2021-03-09 07:22:00,87
2021-03-10 11:26:00,87
2021-03-09 16:20:00,87
2021-03-09 08:32:00,87
2021-03-10 11:04:00,87
2021-03-10 11:24:00,87
2021-03-09 09:57:00,86
2021-03-10 11:17:00,86
2021-03-10 11:44:00,86
2021-03-10 10:37:00,86
2021-03-10 10:57:00,86
2021-03-08 20:46:00,86
2021-03-10 09:23:00,86
2021-03-09 07:48:00,86
2021-03-09 08:39:00,86
2021-03-09 10:09:00,86
2021-03-08 19:15:00,86
2021-03-10 08:09:00,86
2021-03-09 09:58:00,86
2021-03-08 20:39:00,86
2021-03-09 07:42:00,86
2021-03-09 07:59:00,86
2021-03-09 10:27:00,86
2021-03-09 16:59:00,86
2021-03-09 09:34:00,86
2021-03-10 07:21:00,86
2021-03-10 11:51:00,86
2021-03-10 08:29:00,85
2021-03-08 20:25:00,85
2021-03-09 14:30:00,85
2021-03-10 09:21:00,85
2021-03-09 07:19:00,85
2021-03-09 18:07:00,85
2021-03-10 10:21:00,85
2021-03-08 20:26:00,85
2021-03-10 07:33:00,85
2021-03-10 10:06:00,85
2021-03-08 20:48:00,85
2021-03-09 08:03:00,85
2021-03-09 10:11:00,85
2021-03-10 07:37:00,85
2021-03-08 19:55:00,85
2021-03-10 10:45:00,85
2021-03-10 11:37:00,85
2021-03-08 19:49:00,85
2021-03-10 10:33:00,85
2021-03-09 18:42:00,84
2021-03-08 19:56:00,84
2021-03-09 09:10:00,84
2021-03-09 09:53:00,84
2021-03-09 12:30:00,84
2021-03-08 21:08:00,84
2021-03-10 11:07:00,84
2021-03-08 20:54:00,84
2021-03-10 10:48:00,84
2021-03-10 08:53:00,84
2021-03-10 12:09:00,84
2021-03-09 07:53:00,84
2021-03-09 07:33:00,84
2021-03-09 17:53:00,84
2021-03-09 11:25:00,84
2021-03-08 18:46:00,84
2021-03-09 08:43:00,84
2021-03-09 14:29:00,84
2021-03-09 17:31:00,84
2021-03-08 11:00:00,84
2021-03-09 07:17:00,84
2021-03-09 18:02:00,84
2021-03-09 19:19:00,84
2021-03-09 09:48:00,84
2021-03-09 09:50:00,83
2021-03-08 20:37:00,83
2021-03-10 12:16:00,83
2021-03-09 07:23:00,83
2021-03-09 18:49:00,83
2021-03-08 20:11:00,83
2021-03-09 15:04:00,83
2021-03-09 18:59:00,83
2021-03-10 10:40:00,83
2021-03-10 09:02:00,83
2021-03-08 19:59:00,83
2021-03-09 11:13:00,83
2021-03-09 09:38:00,83
2021-03-10 12:05:00,83
2021-03-10 10:26:00,83
2021-03-10 10:25:00,83
2021-03-09 09:02:00,83
2021-03-10 09:19:00,83
2021-03-10 08:27:00,83
2021-03-09 07:43:00,83
2021-03-09 08:33:00,83
2021-03-09 07:52:00,83
2021-03-08 19:19:00,83
2021-03-09 18:52:00,83
2021-03-09 08:04:00,83
2021-03-08 21:57:00,83
2021-03-09 17:52:00,83
2021-03-09 15:03:00,83
2021-03-09 08:56:00,83
2021-03-10 09:36:00,82
2021-03-09 10:45:00,82
2021-03-10 10:56:00,82
2021-03-09 16:55:00,82
2021-03-08 20:03:00,82
2021-03-09 08:02:00,82
2021-03-09 15:20:00,82
2021-03-09 18:10:00,82
2021-03-09 16:30:00,82
2021-03-10 08:52:00,82
2021-03-09 18:35:00,82
2021-03-09 18:29:00,82
2021-03-09 10:18:00,82
2021-03-09 09:40:00,82
2021-03-09 17:15:00,82
2021-03-09 14:00:00,82
2021-03-10 07:48:00,82
2021-03-09 06:54:00,82
2021-03-09 09:54:00,82
2021-03-09 18:55:00,82
2021-03-09 18:37:00,82
2021-03-09 09:43:00,82
2021-03-10 09:28:00,82
2021-03-10 09:57:00,82
2021-03-09 12:04:00,82
2021-03-09 18:38:00,82
2021-03-09 09:56:00,81
2021-03-09 10:03:00,81
2021-03-09 18:25:00,81
2021-03-10 11:10:00,81
2021-03-09 11:17:00,81
2021-03-10 12:03:00,81
2021-03-09 15:55:00,81
2021-03-10 09:52:00,81
2021-03-09 18:08:00,81
2021-03-10 08:56:00,81
2021-03-09 18:48:00,81
2021-03-10 09:11:00,81
2021-03-10 11:21:00,81
2021-03-10 12:12:00,81
2021-03-10 11:03:00,81
2021-03-09 17:45:00,81
2021-03-10 12:18:00,81
2021-03-09 09:05:00,81
2021-03-09 10:06:00,81
2021-03-10 11:43:00,81
2021-03-09 10:02:00,81
2021-03-08 19:39:00,81
2021-03-08 19:34:00,80
2021-03-09 18:24:00,80
2021-03-10 09:27:00,80
2021-03-09 17:26:00,80
2021-03-09 11:18:00,80
2021-03-09 10:21:00,80
2021-03-08 20:57:00,80
2021-03-09 19:13:00,80
2021-03-09 09:42:00,80
2021-03-09 18:47:00,80
2021-03-09 16:54:00,80
2021-03-08 19:50:00,80
2021-03-10 11:06:00,80
2021-03-08 20:15:00,80
2021-03-10 08:32:00,80
2021-03-10 08:37:00,80
2021-03-08 21:07:00,80
2021-03-10 09:13:00,80
2021-03-09 11:27:00,80
2021-03-09 10:28:00,80
2021-03-08 19:21:00,80
2021-03-08 19:22:00,80
2021-03-09 10:37:00,79
2021-03-09 15:30:00,79
2021-03-09 08:13:00,79
2021-03-10 12:56:00,79
2021-03-10 12:26:00,79
2021-03-09 08:41:00,79
2021-03-10 12:15:00,79
2021-03-08 15:30:00,79
2021-03-09 18:32:00,79
2021-03-08 15:09:00,79
2021-03-08 19:10:00,79
2021-03-09 18:51:00,79
2021-03-10 11:28:00,79
2021-03-08 18:47:00,79
2021-03-09 09:09:00,79
2021-03-08 19:20:00,79
2021-03-08 16:30:00,79
2021-03-10 12:17:00,79
2021-03-10 12:08:00,79
2021-03-09 19:27:00,79
2021-03-08 22:44:00,79
2021-03-09 10:07:00,79
2021-03-09 16:01:00,78
2021-03-09 18:05:00,78
2021-03-09 14:50:00,78
2021-03-09 15:48:00,78
2021-03-09 09:19:00,78
2021-03-08 20:40:00,78
2021-03-08 19:35:00,78
2021-03-08 19:29:00,78
2021-03-09 14:42:00,78
2021-03-09 09:41:00,78
2021-03-09 08:42:00,78
2021-03-09 17:58:00,78
2021-03-10 08:59:00,78
2021-03-08 15:00:00,78
2021-03-10 11:14:00,78
2021-03-09 11:30:00,78
2021-03-09 10:16:00,78
2021-03-09 17:44:00,78
2021-03-10 11:09:00,78
2021-03-10 11:40:00,78
2021-03-08 19:05:00,78
2021-03-10 12:23:00,78
2021-03-10 11:59:00,78
2021-03-10 09:46:00,77
2021-03-08 19:46:00,77
2021-03-09 17:54:00,77
2021-03-09 10:48:00,77
2021-03-09 17:35:00,77
2021-03-08 18:52:00,77
2021-03-10 11:42:00,77
2021-03-09 10:14:00,77
2021-03-09 15:31:00,77
2021-03-08 20:16:00,77
2021-03-09 11:24:00,77
2021-03-09 17:10:00,77
2021-03-08 19:23:00,77
2021-03-08 20:18:00,77
2021-03-10 12:24:00,77
2021-03-09 09:59:00,77
2021-03-08 20:49:00,77
2021-03-08 18:45:00,77
2021-03-08 20:41:00,77
2021-03-09 12:10:00,77
2021-03-09 18:44:00,77
2021-03-09 15:22:00,77
2021-03-10 08:49:00,77
2021-03-10 11:13:00,77
2021-03-09 15:39:00,77
2021-03-10 11:34:00,77
2021-03-09 10:22:00,77
2021-03-10 11:52:00,76
2021-03-10 12:21:00,76
2021-03-09 18:16:00,76
2021-03-09 16:09:00,76
2021-03-08 20:04:00,76
2021-03-10 10:44:00,76
2021-03-09 08:52:00,76
2021-03-09 10:40:00,76
2021-03-09 10:31:00,76
2021-03-08 09:42:00,76
2021-03-10 11:39:00,76
2021-03-10 12:43:00,76
2021-03-09 15:38:00,76
2021-03-09 07:58:00,76
2021-03-09 09:39:00,76
2021-03-08 09:30:00,76
2021-03-09 17:40:00,76
2021-03-10 11:33:00,76
2021-03-09 15:08:00,76
2021-03-09 17:41:00,76
2021-03-08 18:20:00,76
2021-03-09 08:26:00,76
2021-03-09 08:49:00,76
2021-03-09 16:28:00,76
2021-03-09 14:28:00,76
2021-03-08 19:54:00,76
2021-03-09 08:24:00,76
2021-03-09 12:17:00,76
2021-03-09 18:21:00,76
2021-03-09 16:33:00,76
2021-03-10 13:02:00,76
2021-03-09 18:03:00,76
2021-03-09 17:06:00,76
2021-03-09 17:56:00,75
2021-03-10 10:27:00,75
2021-03-09 09:49:00,75
2021-03-08 19:08:00,75
2021-03-09 14:03:00,75
2021-03-09 15:40:00,75
2021-03-08 09:22:00,75
2021-03-10 11:27:00,75
2021-03-08 13:49:00,75
2021-03-10 11:29:00,75
2021-03-09 08:54:00,75
2021-03-09 09:33:00,75
2021-03-09 10:05:00,75
2021-03-08 17:45:00,75
2021-03-08 19:25:00,75
2021-03-10 12:32:00,75
2021-03-09 10:32:00,75
2021-03-08 19:48:00,75
2021-03-10 10:03:00,75
2021-03-10 11:58:00,75
2021-03-10 12:04:00,75
2021-03-09 12:15:00,75
2021-03-08 09:47:00,75
2021-03-09 17:36:00,75
2021-03-10 11:31:00,74
2021-03-10 11:48:00,74
2021-03-08 20:34:00,74
2021-03-09 10:52:00,74
2021-03-08 18:01:00,74
2021-03-09 16:58:00,74
2021-03-09 10:15:00,74
2021-03-10 12:06:00,74
2021-03-10 12:22:00,74
2021-03-09 18:31:00,74
2021-03-09 18:27:00,74
2021-03-09 10:44:00,74
2021-03-10 12:36:00,74
2021-03-10 12:51:00,74
2021-03-10 12:14:00,74
2021-03-10 08:43:00,74
2021-03-09 11:23:00,74
2021-03-09 11:37:00,74
2021-03-09 16:22:00,74
2021-03-10 12:27:00,74
2021-03-09 15:18:00,73
2021-03-09 10:57:00,73
2021-03-10 12:45:00,73
2021-03-09 16:17:00,73
2021-03-08 10:30:00,73
2021-03-09 09:15:00,73
2021-03-08 13:50:00,73
2021-03-09 14:59:00,73
2021-03-09 17:20:00,73
2021-03-10 12:34:00,73
2021-03-09 10:25:00,73
2021-03-09 09:46:00,73
2021-03-09 15:32:00,73
2021-03-09 17:12:00,73
2021-03-08 19:01:00,73
2021-03-09 10:49:00,73
2021-03-08 19:53:00,73
2021-03-08 20:06:00,73
2021-03-10 08:54:00,73
2021-03-09 17:37:00,73
2021-03-09 15:11:00,73
2021-03-10 11:25:00,73
2021-03-09 10:51:00,73
2021-03-09 17:48:00,73
2021-03-09 15:29:00,73
2021-03-08 18:58:00,73
2021-03-08 18:05:00,73
2021-03-09 17:55:00,73
2021-03-08 18:55:00,73
2021-03-09 12:11:00,73
2021-03-08 21:37:00,73
2021-03-09 15:53:00,72
2021-03-09 11:32:00,72
2021-03-09 08:22:00,72
2021-03-09 08:51:00,72
2021-03-09 14:32:00,72
2021-03-09 11:06:00,72
2021-03-08 10:06:00,72
2021-03-09 14:16:00,72
2021-03-09 18:41:00,72
2021-03-09 18:39:00,72
2021-03-10 12:11:00,72
2021-03-09 10:56:00,72
2021-03-10 10:17:00,72
2021-03-10 12:52:00,72
2021-03-08 15:02:00,72
2021-03-10 12:19:00,72
2021-03-09 10:04:00,72
2021-03-08 10:32:00,72
2021-03-09 17:13:00,72
2021-03-08 19:51:00,72
2021-03-09 10:01:00,72
2021-03-08 20:08:00,72
2021-03-09 15:35:00,71
2021-03-09 11:15:00,71
2021-03-09 17:49:00,71
2021-03-08 19:18:00,71
2021-03-08 19:41:00,71
2021-03-08 19:38:00,71
2021-03-09 16:19:00,71
2021-03-09 16:15:00,71
2021-03-09 08:46:00,71
2021-03-09 16:35:00,71
2021-03-08 19:28:00,71
2021-03-09 12:00:00,71
2021-03-09 12:01:00,71
2021-03-10 11:18:00,71
2021-03-10 12:50:00,71
2021-03-08 10:28:00,71
2021-03-09 18:17:00,71
2021-03-09 11:04:00,71
2021-03-08 18:30:00,71
2021-03-10 11:46:00,71
2021-03-09 10:08:00,71
2021-03-09 15:06:00,71
2021-03-08 09:24:00,71
2021-03-08 18:49:00,71
2021-03-10 11:54:00,71
2021-03-09 15:19:00,71
2021-03-09 08:50:00,71
2021-03-08 19:47:00,71
2021-03-08 09:25:00,71
2021-03-08 17:10:00,71
2021-03-09 18:06:00,70
2021-03-09 17:02:00,70
2021-03-08 10:11:00,70
2021-03-09 09:51:00,70
2021-03-09 11:07:00,70
2021-03-09 14:36:00,70
2021-03-08 19:13:00,70
2021-03-09 17:08:00,70
2021-03-09 10:42:00,70
2021-03-10 08:46:00,70
2021-03-09 10:24:00,70
2021-03-08 09:32:00,70
2021-03-10 12:37:00,70
2021-03-08 19:24:00,70
2021-03-08 15:10:00,70
2021-03-09 18:14:00,70
2021-03-09 15:05:00,70
2021-03-08 10:43:00,70
2021-03-09 13:30:00,70
2021-03-09 10:10:00,70
2021-03-10 11:35:00,70
2021-03-10 11:57:00,70
2021-03-08 09:38:00,70
2021-03-09 16:13:00,70
2021-03-08 19:17:00,70
2021-03-10 12:33:00,70
2021-03-09 17:27:00,70
2021-03-08 15:46:00,70
2021-03-09 10:43:00,70
2021-03-09 11:14:00,70
2021-03-08 13:00:00,70
2021-03-08 09:31:00,70
2021-03-10 12:07:00,70
2021-03-10 12:53:00,70
2021-03-08 18:50:00,70
2021-03-09 18:26:00,69
2021-03-09 11:35:00,69
2021-03-08 20:09:00,69
2021-03-09 16:16:00,69
2021-03-08 09:41:00,69
2021-03-10 11:36:00,69
2021-03-08 17:00:00,69
2021-03-09 12:13:00,69
2021-03-10 13:05:00,69
2021-03-09 15:12:00,69
2021-03-09 17:32:00,69
2021-03-09 11:11:00,69
2021-03-08 18:04:00,69
2021-03-09 17:50:00,69
2021-03-08 15:56:00,69
2021-03-08 13:24:00,69
2021-03-09 09:47:00,69
2021-03-09 17:11:00,69
2021-03-10 12:42:00,69
2021-03-10 11:19:00,69
2021-03-09 14:08:00,69
2021-03-08 19:58:00,69
2021-03-08 12:05:00,69
2021-03-09 17:18:00,69
2021-03-10 12:13:00,69
2021-03-09 11:48:00,69
2021-03-09 15:54:00,69
2021-03-09 10:35:00,69
2021-03-08 19:42:00,69
2021-03-09 11:22:00,69
2021-03-08 18:34:00,69
2021-03-10 11:45:00,69
2021-03-09 16:18:00,69
2021-03-10 11:41:00,69
2021-03-09 15:21:00,69
2021-03-08 19:14:00,69
2021-03-09 18:34:00,69
2021-03-09 10:26:00,69
2021-03-09 16:37:00,68
2021-03-09 10:50:00,68
2021-03-10 13:04:00,68
2021-03-09 10:39:00,68
2021-03-09 11:20:00,68
2021-03-09 15:59:00,68
2021-03-09 18:04:00,68
2021-03-09 11:50:00,68
2021-03-09 17:25:00,68
2021-03-10 08:57:00,68
2021-03-08 19:06:00,68
2021-03-09 18:19:00,68
2021-03-08 19:16:00,68
2021-03-09 17:22:00,68
2021-03-09 15:34:00,68
2021-03-09 15:47:00,68
2021-03-09 16:14:00,68
2021-03-08 18:29:00,68
2021-03-09 17:21:00,68
2021-03-09 14:22:00,68
2021-03-08 16:44:00,67
2021-03-08 12:12:00,67
2021-03-09 10:54:00,67
2021-03-08 10:26:00,67
2021-03-08 18:59:00,67
2021-03-09 17:57:00,67
2021-03-09 17:05:00,67
2021-03-09 12:52:00,67
2021-03-09 11:16:00,67
2021-03-09 18:20:00,67
2021-03-08 15:22:00,67
2021-03-08 20:17:00,67
2021-03-08 18:36:00,67
2021-03-10 11:38:00,67
2021-03-09 18:12:00,67
2021-03-09 16:08:00,67
2021-03-09 11:19:00,67
2021-03-08 17:24:00,67
2021-03-09 16:56:00,67
2021-03-09 10:46:00,67
2021-03-10 12:59:00,67
2021-03-09 12:18:00,67
2021-03-08 09:59:00,67
2021-03-08 14:50:00,67
2021-03-09 16:52:00,67
2021-03-08 15:06:00,67
2021-03-09 14:48:00,66
2021-03-10 12:28:00,66
2021-03-08 10:38:00,66
2021-03-09 10:38:00,66
2021-03-09 11:10:00,66
2021-03-09 14:40:00,66
2021-03-08 09:45:00,66
2021-03-10 12:46:00,66
2021-03-10 11:56:00,66
2021-03-08 14:42:00,66
2021-03-09 16:44:00,66
2021-03-09 10:33:00,66
2021-03-09 18:18:00,66
2021-03-09 11:55:00,66
2021-03-08 19:27:00,66
2021-03-08 10:34:00,66
2021-03-09 17:28:00,66
2021-03-10 12:44:00,66
2021-03-09 17:39:00,66
2021-03-08 09:15:00,66
2021-03-08 10:42:00,66
2021-03-08 15:01:00,66
2021-03-09 12:54:00,66
2021-03-09 16:45:00,66
2021-03-09 13:13:00,66
2021-03-09 15:42:00,66
2021-03-10 10:53:00,66
2021-03-09 13:56:00,66
2021-03-09 10:59:00,66
2021-03-08 19:32:00,66
2021-03-08 18:10:00,66
2021-03-08 18:09:00,66
2021-03-08 15:59:00,66
2021-03-08 16:41:00,65
2021-03-09 14:18:00,65
2021-03-08 17:49:00,65
2021-03-10 12:02:00,65
2021-03-09 14:17:00,65
2021-03-08 12:07:00,65
2021-03-09 11:47:00,65
2021-03-09 11:12:00,65
2021-03-09 16:11:00,65
2021-03-09 16:34:00,65
2021-03-09 12:43:00,65
2021-03-09 13:05:00,65
2021-03-10 12:01:00,65
2021-03-08 20:07:00,65
2021-03-10 12:47:00,65
2021-03-09 18:13:00,65
2021-03-09 14:57:00,65
2021-03-09 15:44:00,65
2021-03-09 15:16:00,65
2021-03-09 15:01:00,65
2021-03-09 15:27:00,65
2021-03-08 17:25:00,65
2021-03-09 17:24:00,65
2021-03-09 16:47:00,65
2021-03-09 13:46:00,65
2021-03-08 19:12:00,65
2021-03-08 09:40:00,65
2021-03-08 14:00:00,65
2021-03-09 15:36:00,65
2021-03-09 18:50:00,65
2021-03-08 15:16:00,65
2021-03-09 10:19:00,65
2021-03-09 17:47:00,65
2021-03-09 17:34:00,64
2021-03-09 12:03:00,64
2021-03-09 10:36:00,64
2021-03-09 13:43:00,64
2021-03-09 17:29:00,64
2021-03-09 11:41:00,64
2021-03-09 11:09:00,64
2021-03-08 09:28:00,64
2021-03-09 16:42:00,64
2021-03-09 11:03:00,64
2021-03-08 16:40:00,64
2021-03-10 13:01:00,64
2021-03-09 15:56:00,64
2021-03-08 15:32:00,64
2021-03-08 18:15:00,64
2021-03-08 10:29:00,64
2021-03-09 15:28:00,64
2021-03-09 12:06:00,64
2021-03-08 20:43:00,64
2021-03-09 10:23:00,64
2021-03-09 15:10:00,64
2021-03-08 09:51:00,64
2021-03-09 15:14:00,64
2021-03-08 15:54:00,64
2021-03-09 13:15:00,64
2021-03-08 18:37:00,64
2021-03-08 15:26:00,64
2021-03-09 14:46:00,64
2021-03-09 12:34:00,64
2021-03-08 19:09:00,64
2021-03-09 10:47:00,64
2021-03-09 15:58:00,64
2021-03-09 15:09:00,64
2021-03-09 16:50:00,63
2021-03-08 18:31:00,63
2021-03-09 12:36:00,63
2021-03-10 12:41:00,63
2021-03-08 09:35:00,63
2021-03-08 14:31:00,63
2021-03-09 11:26:00,63
2021-03-08 18:53:00,63
2021-03-08 15:40:00,63
2021-03-09 11:33:00,63
2021-03-09 10:41:00,63
2021-03-08 11:55:00,63
2021-03-09 18:23:00,63
2021-03-09 15:24:00,63
2021-03-09 14:01:00,63
2021-03-08 17:59:00,63
2021-03-08 18:22:00,63
2021-03-09 11:34:00,63
2021-03-09 12:40:00,63
2021-03-09 14:49:00,63
2021-03-09 13:28:00,63
2021-03-09 16:41:00,63
2021-03-09 11:52:00,63
2021-03-09 15:17:00,63
2021-03-08 14:54:00,63
2021-03-10 12:39:00,63
2021-03-09 16:39:00,63
2021-03-09 14:15:00,63
2021-03-08 19:07:00,63
2021-03-09 14:55:00,63
2021-03-09 12:47:00,63
2021-03-08 18:18:00,63
2021-03-09 16:25:00,63
2021-03-08 13:20:00,63
2021-03-08 12:15:00,63
2021-03-09 12:26:00,62
2021-03-09 15:15:00,62
2021-03-09 17:59:00,62
2021-03-09 11:29:00,62
2021-03-08 14:30:00,62
2021-03-09 12:38:00,62
2021-03-08 15:20:00,62
2021-03-08 15:31:00,62
2021-03-09 17:43:00,62
2021-03-08 09:21:00,62
2021-03-09 17:51:00,62
2021-03-09 13:06:00,62
2021-03-09 14:23:00,62
2021-03-09 18:11:00,62
2021-03-08 18:39:00,62
2021-03-08 14:58:00,62
2021-03-09 16:27:00,62
2021-03-09 14:12:00,62
2021-03-08 16:12:00,62
2021-03-09 13:45:00,62
2021-03-08 18:38:00,62
2021-03-08 10:31:00,62
2021-03-09 13:21:00,62
2021-03-08 15:35:00,62
2021-03-09 17:46:00,62
2021-03-09 10:17:00,62
2021-03-08 17:40:00,62
2021-03-09 12:50:00,62
2021-03-09 16:10:00,62
2021-03-10 12:29:00,62
2021-03-08 10:09:00,62
2021-03-09 15:33:00,62
2021-03-09 14:27:00,62
2021-03-08 10:45:00,62
2021-03-08 16:01:00,61
2021-03-08 10:14:00,61
2021-03-08 17:26:00,61
2021-03-08 18:35:00,61
2021-03-09 11:08:00,61
2021-03-09 16:07:00,61
2021-03-09 10:55:00,61
2021-03-08 11:34:00,61
2021-03-08 16:42:00,61
2021-03-08 18:28:00,61
2021-03-09 14:06:00,61
2021-03-08 19:52:00,61
2021-03-08 10:23:00,61
2021-03-08 15:13:00,61
2021-03-08 19:02:00,61
2021-03-09 10:29:00,61
2021-03-09 13:16:00,61
2021-03-09 13:23:00,61
2021-03-08 18:32:00,61
2021-03-09 08:47:00,61
2021-03-08 09:43:00,61
2021-03-09 11:44:00,61
2021-03-09 16:38:00,61
2021-03-09 12:35:00,61
2021-03-08 15:12:00,61
2021-03-08 14:52:00,61
2021-03-08 18:24:00,61
2021-03-08 16:57:00,61
2021-03-08 15:48:00,61
2021-03-08 09:27:00,61
2021-03-09 15:50:00,61
2021-03-09 16:32:00,61
2021-03-09 13:40:00,61
2021-03-08 16:15:00,61
2021-03-09 15:51:00,61
2021-03-09 12:45:00,60
2021-03-09 16:06:00,60
2021-03-09 13:59:00,60
2021-03-08 09:20:00,60
2021-03-08 19:57:00,60
2021-03-10 11:50:00,60
2021-03-09 12:05:00,60
2021-03-09 11:51:00,60
2021-03-09 13:42:00,60
2021-03-08 10:08:00,60
2021-03-09 10:53:00,60
2021-03-08 18:33:00,60
2021-03-08 15:25:00,60
2021-03-08 12:19:00,60
2021-03-08 10:13:00,60
2021-03-09 11:49:00,60
2021-03-08 16:20:00,60
2021-03-09 11:28:00,60
2021-03-09 11:59:00,60
2021-03-08 09:53:00,60
2021-03-09 11:39:00,60
2021-03-08 09:37:00,60
2021-03-08 15:11:00,60
2021-03-10 12:57:00,60
2021-03-09 15:23:00,60
2021-03-08 15:49:00,60
2021-03-08 10:10:00,60
2021-03-09 15:25:00,60
2021-03-09 16:31:00,60
2021-03-08 18:44:00,60
2021-03-08 09:16:00,60
2021-03-08 09:23:00,60
2021-03-08 17:42:00,60
2021-03-08 12:16:00,60
2021-03-09 17:03:00,60
2021-03-08 12:17:00,60
2021-03-09 16:02:00,60
2021-03-08 18:56:00,60
2021-03-08 16:53:00,60
2021-03-08 16:09:00,60
2021-03-08 17:03:00,60
2021-03-08 14:53:00,60
2021-03-08 09:26:00,60
2021-03-09 13:47:00,59
2021-03-08 15:57:00,59
2021-03-09 13:25:00,59
2021-03-09 11:54:00,59
2021-03-09 14:07:00,59
2021-03-08 15:42:00,59
2021-03-09 14:52:00,59
2021-03-08 15:04:00,59
2021-03-10 12:35:00,59
2021-03-08 10:44:00,59
2021-03-08 15:07:00,59
2021-03-09 17:17:00,59
2021-03-09 12:16:00,59
2021-03-08 12:22:00,59
2021-03-08 10:24:00,59
2021-03-08 09:14:00,59
2021-03-08 18:51:00,59
2021-03-09 15:37:00,59
2021-03-09 11:56:00,59
2021-03-08 10:18:00,59
2021-03-09 14:43:00,59
2021-03-08 19:44:00,59
2021-03-09 11:57:00,59
2021-03-09 16:49:00,59
2021-03-09 13:19:00,59
2021-03-09 15:26:00,59
2021-03-08 10:01:00,59
2021-03-08 09:39:00,59
2021-03-08 18:54:00,59
2021-03-09 12:21:00,59
2021-03-08 11:18:00,59
2021-03-08 18:13:00,59
2021-03-08 18:17:00,59
2021-03-10 12:40:00,59
2021-03-08 13:22:00,58
2021-03-08 10:46:00,58
2021-03-09 12:55:00,58
2021-03-08 09:52:00,58
2021-03-09 17:19:00,58
2021-03-08 17:30:00,58
2021-03-08 12:30:00,58
2021-03-08 15:50:00,58
2021-03-08 10:49:00,58
2021-03-09 13:18:00,58
2021-03-09 14:37:00,58
2021-03-10 11:53:00,58
2021-03-09 16:51:00,58
2021-03-08 10:35:00,58
2021-03-09 14:25:00,58
2021-03-08 16:46:00,58
2021-03-08 14:59:00,58
2021-03-09 15:41:00,58
2021-03-08 09:44:00,58
2021-03-09 14:20:00,58
2021-03-09 17:23:00,58
2021-03-09 15:57:00,58
2021-03-08 15:23:00,58
2021-03-09 17:16:00,58
2021-03-09 13:22:00,58
2021-03-09 14:41:00,58
2021-03-08 11:14:00,58
2021-03-09 13:38:00,58
2021-03-09 13:07:00,58
2021-03-08 12:54:00,58
2021-03-08 11:35:00,58
2021-03-09 12:58:00,58
2021-03-09 12:42:00,58
2021-03-08 14:27:00,57
2021-03-08 16:38:00,57
2021-03-09 14:34:00,57
2021-03-09 12:29:00,57
2021-03-08 18:03:00,57
2021-03-08 15:55:00,57
2021-03-08 14:20:00,57
2021-03-08 17:20:00,57
2021-03-08 10:16:00,57
2021-03-10 12:31:00,57
2021-03-09 18:09:00,57
2021-03-09 16:48:00,57
2021-03-08 17:13:00,57
2021-03-08 14:48:00,57
2021-03-08 11:28:00,57
2021-03-08 16:10:00,57
2021-03-09 12:25:00,57
2021-03-09 16:29:00,57
2021-03-09 16:03:00,57
2021-03-09 12:23:00,57
2021-03-08 12:03:00,57
2021-03-09 14:58:00,57
2021-03-08 13:34:00,57
2021-03-08 13:51:00,57
2021-03-08 11:12:00,57
2021-03-08 18:41:00,57
2021-03-08 17:37:00,57
2021-03-10 12:58:00,57
2021-03-09 12:02:00,57
2021-03-09 13:53:00,57
2021-03-09 16:24:00,57
2021-03-09 14:05:00,57
2021-03-08 16:27:00,57
2021-03-08 17:53:00,57
2021-03-08 10:25:00,57
2021-03-09 12:12:00,57
2021-03-08 10:36:00,57
2021-03-09 13:09:00,57
2021-03-09 13:11:00,57
2021-03-08 10:27:00,57
2021-03-08 15:14:00,57
2021-03-08 17:21:00,57
2021-03-09 14:54:00,57
2021-03-08 16:43:00,57
2021-03-09 16:23:00,57
2021-03-09 11:38:00,57
2021-03-08 16:51:00,57
2021-03-09 16:46:00,57
2021-03-09 13:20:00,57
2021-03-08 11:08:00,56
2021-03-08 15:28:00,56
2021-03-10 12:38:00,56
2021-03-09 11:05:00,56
2021-03-08 16:35:00,56
2021-03-09 13:58:00,56
2021-03-09 17:42:00,56
2021-03-08 11:44:00,56
2021-03-08 09:34:00,56
2021-03-08 11:15:00,56
2021-03-08 14:45:00,56
2021-03-09 12:32:00,56
2021-03-09 15:52:00,56
2021-03-09 14:04:00,56
2021-03-09 14:39:00,56
2021-03-08 16:48:00,56
2021-03-08 17:18:00,56
2021-03-09 11:58:00,56
2021-03-10 13:03:00,56
2021-03-08 15:43:00,56
2021-03-08 09:36:00,56
2021-03-08 10:40:00,56
2021-03-08 09:54:00,56
2021-03-09 10:58:00,56
2021-03-08 16:50:00,56
2021-03-09 14:56:00,56
2021-03-08 18:21:00,56
2021-03-09 15:46:00,56
2021-03-08 17:48:00,56
2021-03-08 11:01:00,56
2021-03-08 15:58:00,56
2021-03-08 18:25:00,56
2021-03-08 13:10:00,56
2021-03-08 17:15:00,56
2021-03-08 10:19:00,56
2021-03-09 11:31:00,55
2021-03-09 13:57:00,55
2021-03-09 17:33:00,55
2021-03-09 11:43:00,55
2021-03-08 16:58:00,55
2021-03-08 10:58:00,55
2021-03-08 11:47:00,55
2021-03-08 18:48:00,55
2021-03-08 10:07:00,55
2021-03-09 16:04:00,55
2021-03-08 10:22:00,55
2021-03-08 17:09:00,55
2021-03-08 10:48:00,55
2021-03-09 14:14:00,55
2021-03-08 17:58:00,55
2021-03-09 10:34:00,55
2021-03-08 10:02:00,55
2021-03-08 18:07:00,55
2021-03-09 13:37:00,55
2021-03-09 16:05:00,55
2021-03-08 11:09:00,55
2021-03-08 14:12:00,55
2021-03-08 15:34:00,55
2021-03-08 13:01:00,55
2021-03-09 17:04:00,55
2021-03-09 12:14:00,55
2021-03-09 14:02:00,55
2021-03-09 14:31:00,55
2021-03-08 17:19:00,55
2021-03-09 11:36:00,55
2021-03-08 15:17:00,55
2021-03-08 16:24:00,55
2021-03-08 09:58:00,55
2021-03-09 14:33:00,55
2021-03-08 13:30:00,55
2021-03-09 12:20:00,55
2021-03-08 17:46:00,55
2021-03-09 16:36:00,55
2021-03-08 10:15:00,55
2021-03-09 13:41:00,55
2021-03-09 13:55:00,54
2021-03-08 09:50:00,54
2021-03-08 11:02:00,54
2021-03-09 11:45:00,54
2021-03-09 12:33:00,54
2021-03-08 10:03:00,54
2021-03-08 17:32:00,54
2021-03-08 09:46:00,54
2021-03-08 18:08:00,54
2021-03-09 12:28:00,54
2021-03-08 15:05:00,54
2021-03-08 11:52:00,54
2021-03-08 15:52:00,54
2021-03-08 18:02:00,54
2021-03-08 10:17:00,54
2021-03-10 12:49:00,54
2021-03-08 10:56:00,54
2021-03-09 16:26:00,54
2021-03-09 13:52:00,54
2021-03-09 17:07:00,54
2021-03-08 15:51:00,54
2021-03-08 14:49:00,54
2021-03-08 10:05:00,54
2021-03-09 13:24:00,54
2021-03-09 14:19:00,54
2021-03-09 12:46:00,54
2021-03-09 16:40:00,54
2021-03-08 10:57:00,54
2021-03-08 17:35:00,54
2021-03-09 12:24:00,54
2021-03-09 15:43:00,54
2021-03-09 13:17:00,54
2021-03-08 13:12:00,54
2021-03-10 12:55:00,54
2021-03-08 14:41:00,54
2021-03-09 13:49:00,54
2021-03-09 13:04:00,54
2021-03-09 14:51:00,53
2021-03-08 11:10:00,53
2021-03-08 15:44:00,53
2021-03-08 16:56:00,53
2021-03-09 14:53:00,53
2021-03-09 13:50:00,53
2021-03-09 17:14:00,53
2021-03-08 12:04:00,53
2021-03-08 09:13:00,53
2021-03-08 14:57:00,53
2021-03-08 18:11:00,53
2021-03-08 09:33:00,53
2021-03-08 15:15:00,53
2021-03-08 19:04:00,53
2021-03-08 10:51:00,53
2021-03-08 11:04:00,53
2021-03-09 14:35:00,53
2021-03-08 17:11:00,53
2021-03-08 11:58:00,53
2021-03-09 13:08:00,53
2021-03-09 13:39:00,53
2021-03-08 15:19:00,53
2021-03-09 11:42:00,53
2021-03-08 15:41:00,53
2021-03-08 13:31:00,53
2021-03-08 16:03:00,53
2021-03-08 16:02:00,53
2021-03-08 11:20:00,53
2021-03-08 17:33:00,53
2021-03-09 13:02:00,53
2021-03-08 14:34:00,53
2021-03-09 13:01:00,53
2021-03-09 12:44:00,52
2021-03-08 11:36:00,52
2021-03-09 13:29:00,52
2021-03-08 14:55:00,52
2021-03-08 18:16:00,52
2021-03-08 10:33:00,52
2021-03-09 13:51:00,52
2021-03-08 11:53:00,52
2021-03-08 16:22:00,52
2021-03-08 09:55:00,52
2021-03-08 10:12:00,52
2021-03-09 14:24:00,52
2021-03-08 13:52:00,52
2021-03-08 18:26:00,52
2021-03-08 14:36:00,52
2021-03-08 12:58:00,52
2021-03-08 17:28:00,52
2021-03-08 15:33:00,52
2021-03-08 12:08:00,52
2021-03-08 15:53:00,52
2021-03-08 11:45:00,52
2021-03-08 13:03:00,52
2021-03-09 12:19:00,52
2021-03-08 18:40:00,52
2021-03-08 10:20:00,52
2021-03-08 17:39:00,52
2021-03-09 17:09:00,52
2021-03-09 13:48:00,52
2021-03-08 17:55:00,52
2021-03-09 13:33:00,52
2021-03-09 13:34:00,51
2021-03-08 11:59:00,51
2021-03-08 16:05:00,51
2021-03-08 17:23:00,51
2021-03-09 11:46:00,51
2021-03-08 15:47:00,51
2021-03-09 14:09:00,51
2021-03-08 17:56:00,51
2021-03-08 10:04:00,51
2021-03-08 12:11:00,51
2021-03-08 11:05:00,51
2021-03-08 13:44:00,51
2021-03-08 16:33:00,51
2021-03-08 15:08:00,51
2021-03-08 11:13:00,51
2021-03-09 12:48:00,51
2021-03-09 13:54:00,51
2021-03-08 15:45:00,51
2021-03-08 16:28:00,51
2021-03-09 14:21:00,51
2021-03-08 17:57:00,51
2021-03-08 17:16:00,51
2021-03-08 16:37:00,51
2021-03-08 16:26:00,51
2021-03-08 15:37:00,51
2021-03-08 17:34:00,51
2021-03-08 14:28:00,51
2021-03-08 09:17:00,51
2021-03-08 16:19:00,51
2021-03-08 11:30:00,51
2021-03-08 11:19:00,50
2021-03-08 11:07:00,50
2021-03-08 11:40:00,50
2021-03-08 12:01:00,50
2021-03-08 14:56:00,50
2021-03-09 12:22:00,50
2021-03-08 10:21:00,50
2021-03-09 15:07:00,50
2021-03-08 17:50:00,50
2021-03-09 12:27:00,50
2021-03-09 13:12:00,50
2021-03-08 17:08:00,50
2021-03-08 15:27:00,50
2021-03-09 11:53:00,50
2021-03-08 17:04:00,50
2021-03-09 11:40:00,50
2021-03-09 12:56:00,50
2021-03-09 12:09:00,50
2021-03-09 13:31:00,50
2021-03-08 11:06:00,50
2021-03-08 17:43:00,50
2021-03-08 13:08:00,50
2021-03-08 18:57:00,50
2021-03-08 12:14:00,50
2021-03-08 10:55:00,50
2021-03-08 13:32:00,50
2021-03-09 16:12:00,50
2021-03-08 16:54:00,50
2021-03-08 16:13:00,50
2021-03-08 13:48:00,49
2021-03-08 10:53:00,49
2021-03-08 14:01:00,49
2021-03-09 16:21:00,49
2021-03-08 17:52:00,49
2021-03-08 12:43:00,49
2021-03-08 16:45:00,49
2021-03-09 12:59:00,49
2021-03-08 17:47:00,49
2021-03-09 12:08:00,49
2021-03-08 17:38:00,49
2021-03-08 18:06:00,49
2021-03-09 13:03:00,49
2021-03-08 12:52:00,49
2021-03-09 12:49:00,49
2021-03-08 09:29:00,49
2021-03-08 11:21:00,49
2021-03-08 16:08:00,49
2021-03-09 14:44:00,49
2021-03-08 11:26:00,49
2021-03-08 16:17:00,49
2021-03-08 15:36:00,49
2021-03-08 14:39:00,49
2021-03-08 09:18:00,49
2021-03-08 17:12:00,49
2021-03-08 17:31:00,49
2021-03-09 16:53:00,49
2021-03-08 15:29:00,49
2021-03-08 14:38:00,49
2021-03-08 14:25:00,48
2021-03-08 10:47:00,48
2021-03-08 16:31:00,48
2021-03-08 14:51:00,48
2021-03-09 14:10:00,48
2021-03-08 16:36:00,48
2021-03-08 16:34:00,48
2021-03-08 10:50:00,48
2021-03-08 17:51:00,48
2021-03-08 13:25:00,48
2021-03-08 17:14:00,48
2021-03-08 11:39:00,48
2021-03-08 09:49:00,48
2021-03-08 14:14:00,48
2021-03-09 13:32:00,48
2021-03-08 14:18:00,48
2021-03-08 14:15:00,48
2021-03-09 13:27:00,48
2021-03-08 14:43:00,48
2021-03-08 11:23:00,48
2021-03-08 12:50:00,48
2021-03-08 13:43:00,48
2021-03-09 12:53:00,48
2021-03-08 16:18:00,48
2021-03-08 11:37:00,48
2021-03-08 13:07:00,47
2021-03-08 11:22:00,47
2021-03-08 16:11:00,47
2021-03-08 12:20:00,47
2021-03-08 16:32:00,47
2021-03-08 09:48:00,47
2021-03-08 12:38:00,47
2021-03-08 11:33:00,47
2021-03-08 16:16:00,47
2021-03-08 13:57:00,47
2021-03-09 14:47:00,47
2021-03-09 12:31:00,47
2021-03-08 14:05:00,47
2021-03-08 09:57:00,47
2021-03-08 10:59:00,47
2021-03-09 13:14:00,47
2021-03-08 14:19:00,47
2021-03-08 18:23:00,47
2021-03-08 16:21:00,47
2021-03-09 16:57:00,47
2021-03-09 12:41:00,47
2021-03-08 17:44:00,47
2021-03-08 17:01:00,47
2021-03-08 12:59:00,47
2021-03-08 14:06:00,47
2021-03-08 16:55:00,47
2021-03-08 16:47:00,47
2021-03-08 11:29:00,47
2021-03-08 17:27:00,47
2021-03-09 13:44:00,47
2021-03-08 14:37:00,47
2021-03-08 12:00:00,46
2021-03-08 15:21:00,46
2021-03-08 10:54:00,46
2021-03-08 12:28:00,46
2021-03-08 14:26:00,46
2021-03-08 16:07:00,46
2021-03-08 13:45:00,46
2021-03-08 10:41:00,46
2021-03-08 17:17:00,46
2021-03-08 11:41:00,46
2021-03-08 13:46:00,46
2021-03-09 12:07:00,46
2021-03-08 14:16:00,46
2021-03-08 16:29:00,46
2021-03-09 12:51:00,46
2021-03-08 16:52:00,46
2021-03-08 12:25:00,46
2021-03-08 17:54:00,46
2021-03-08 11:48:00,46
2021-03-08 17:22:00,45
2021-03-08 17:36:00,45
2021-03-08 13:27:00,45
2021-03-08 12:31:00,45
2021-03-09 12:37:00,45
2021-03-08 11:11:00,45
2021-03-08 13:36:00,45
2021-03-09 12:39:00,45
2021-03-08 18:43:00,45
2021-03-08 13:05:00,45
2021-03-08 17:29:00,45
2021-03-08 16:06:00,45
2021-03-08 12:02:00,45
2021-03-08 12:37:00,45
2021-03-08 14:29:00,45
2021-03-08 10:37:00,45
2021-03-08 15:18:00,45
2021-03-08 17:07:00,45
2021-03-08 09:19:00,45
2021-03-08 11:31:00,45
2021-03-08 16:39:00,45
2021-03-08 14:35:00,45
2021-03-08 12:42:00,45
2021-03-08 13:59:00,45
2021-03-08 14:21:00,45
2021-03-08 13:33:00,45
2021-03-09 13:35:00,45
2021-03-08 14:46:00,45
2021-03-08 13:47:00,45
2021-03-08 11:54:00,45
2021-03-08 18:19:00,45
2021-03-10 12:48:00,45
2021-03-08 14:22:00,44
2021-03-08 12:34:00,44
2021-03-08 14:47:00,44
2021-03-08 14:44:00,44
2021-03-08 14:11:00,44
2021-03-08 11:42:00,44
2021-03-08 13:23:00,44
2021-03-08 11:38:00,44
2021-03-08 12:10:00,44
2021-03-08 17:05:00,44
2021-03-08 16:23:00,44
2021-03-08 15:03:00,44
2021-03-08 13:09:00,44
2021-03-08 11:24:00,44
2021-03-08 14:17:00,44
2021-03-08 12:13:00,44
2021-03-08 14:40:00,44
2021-03-08 12:55:00,44
2021-03-08 10:39:00,44
2021-03-08 11:46:00,44
2021-03-08 12:56:00,44
2021-03-09 16:43:00,43
2021-03-08 14:32:00,43
2021-03-08 11:56:00,43
2021-03-08 11:27:00,43
2021-03-08 15:24:00,43
2021-03-08 11:49:00,43
2021-03-08 12:32:00,43
2021-03-08 12:39:00,43
2021-03-08 13:35:00,43
2021-03-08 14:07:00,43
2021-03-08 12:21:00,43
2021-03-09 14:11:00,43
2021-03-09 14:26:00,43
2021-03-08 18:14:00,43
2021-03-08 11:51:00,43
2021-03-09 14:38:00,43
2021-03-08 16:04:00,43
2021-03-08 12:18:00,43
2021-03-09 13:10:00,43
2021-03-08 13:19:00,42
2021-03-08 12:48:00,42
2021-03-08 17:06:00,42
2021-03-09 12:57:00,42
2021-03-08 14:09:00,42
2021-03-08 12:29:00,42
2021-03-08 13:29:00,42
2021-03-09 13:36:00,42
2021-03-08 13:26:00,42
2021-03-09 14:13:00,41
2021-03-08 09:56:00,41
2021-03-08 13:18:00,41
2021-03-08 13:40:00,41
2021-03-08 12:51:00,41
2021-03-08 11:50:00,41
2021-03-08 17:41:00,41
2021-03-08 13:06:00,41
2021-03-08 13:21:00,41
2021-03-08 15:39:00,41
2021-03-08 12:06:00,41
2021-03-08 17:02:00,41
2021-03-08 12:26:00,40
2021-03-08 16:25:00,40
2021-03-08 13:11:00,40
2021-03-08 14:08:00,40
2021-03-08 18:27:00,40
2021-03-08 14:33:00,40
2021-03-09 13:26:00,40
2021-03-08 13:55:00,40
2021-03-08 12:33:00,40
2021-03-08 16:59:00,40
2021-03-08 14:24:00,40
2021-03-08 11:32:00,40
2021-03-08 13:17:00,40
2021-03-08 11:03:00,40
2021-03-08 14:23:00,40
2021-03-08 10:52:00,39
2021-03-08 15:38:00,39
2021-03-08 11:43:00,39
2021-03-08 12:46:00,39
2021-03-08 14:02:00,39
2021-03-08 13:16:00,39
2021-03-08 14:10:00,39
2021-03-08 14:04:00,39
2021-03-08 13:13:00,39
2021-03-08 14:03:00,38
2021-03-08 12:47:00,38
2021-03-08 14:13:00,38
2021-03-08 13:56:00,38
2021-03-08 13:02:00,38
2021-03-08 13:42:00,38
2021-03-08 12:35:00,38
2021-03-08 13:39:00,38
2021-03-08 12:36:00,37
2021-03-08 12:41:00,37
2021-03-08 16:49:00,37
2021-03-08 18:12:00,37
2021-03-08 12:24:00,37
2021-03-08 13:15:00,37
2021-03-08 13:28:00,37
2021-03-08 12:09:00,37
2021-03-08 12:27:00,37
2021-03-08 16:14:00,37
2021-03-08 13:53:00,36
2021-03-08 11:25:00,36
2021-03-08 12:23:00,36
2021-03-08 11:16:00,36
2021-03-08 12:40:00,36
2021-03-08 13:04:00,36
2021-03-08 13:14:00,36
2021-03-08 12:57:00,36
2021-03-08 13:37:00,35
2021-03-08 11:57:00,35
2021-03-08 12:44:00,35
2021-03-08 13:58:00,35
2021-03-08 13:54:00,34
2021-03-08 12:45:00,34
2021-03-08 13:38:00,33
2021-03-08 11:17:00,32
2021-03-08 13:41:00,32
2021-03-08 12:53:00,29
2021-03-08 12:49:00,26
2021-03-08 09:12:00,18
